id,terrestrial_date,sol,ls,month,min_temp,pressure
2,"12,08,16",10,155,6,-75.0,739.0
13,"12,08,17",11,156,6,-76.0,740.0
24,"12,08,18",12,156,6,-76.0,741.0
35,"12,08,19",13,157,6,-74.0,732.0
46,"12,08,20",14,157,6,-74.0,740.0
57,"12,08,21",15,158,6,-78.0,740.0
68,"12,08,22",16,158,6,-77.0,740.0
79,"12,08,23",17,159,6,-76.0,742.0
112,"12,08,27",21,161,6,-74.0,741.0
114,"12,08,28",22,162,6,-74.0,742.0
123,"12,08,29",23,162,6,-75.0,741.0
134,"12,08,30",24,163,6,-75.0,742.0
145,"12,08,31",25,163,6,-75.0,743.0
156,"12,09,01",26,164,6,-76.0,745.0
163,"12,09,02",27,164,6,-75.0,743.0
170,"12,09,03",28,165,6,-75.0,745.0
171,"12,09,04",29,166,6,-75.0,747.0
172,"12,09,05",30,166,6,-74.0,747.0
173,"12,09,06",31,167,6,-74.0,745.0
175,"12,09,08",33,168,6,-73.0,748.0
176,"12,09,10",34,168,6,-73.0,748.0
177,"12,09,11",35,169,6,-73.0,749.0
178,"12,09,12",36,169,6,-73.0,750.0
179,"12,09,13",37,170,6,-73.0,750.0
180,"12,09,14",38,171,6,-73.0,750.0
181,"12,09,15",39,171,6,-75.0,751.0
182,"12,09,16",40,172,6,-75.0,753.0
183,"12,09,17",41,172,6,-75.0,753.0
184,"12,09,18",42,173,6,-75.0,754.0
185,"12,09,19",43,173,6,-74.0,756.0
186,"12,09,20",44,174,6,-75.0,757.0
187,"12,09,21",45,175,6,-74.0,758.0
188,"12,09,22",46,175,6,-74.0,758.0
189,"12,09,23",47,176,6,-75.0,758.0
190,"12,09,24",48,176,6,-75.0,759.0
191,"12,09,25",49,177,6,-74.0,761.0
192,"12,09,26",50,177,6,-72.0,761.0
193,"12,09,27",51,178,6,-76.0,762.0
194,"12,09,28",52,179,6,-74.0,762.0
195,"12,09,29",53,179,6,-71.0,764.0
196,"12,09,30",54,180,7,-72.0,766.0
197,"12,10,01",55,180,7,-74.0,766.0
198,"12,10,02",56,181,7,-73.0,768.0
199,"12,10,03",57,181,7,-73.0,769.0
200,"12,10,04",58,182,7,-74.0,769.0
201,"12,10,05",59,183,7,-76.0,771.0
202,"12,10,06",60,183,7,-75.0,772.0
203,"12,10,07",61,184,7,-72.0,772.0
204,"12,10,08",62,184,7,-72.0,774.0
205,"12,10,09",63,185,7,-73.0,775.0
206,"12,10,10",64,186,7,-74.0,776.0
207,"12,10,11",65,186,7,-72.0,777.0
208,"12,10,12",66,187,7,-73.0,778.0
209,"12,10,13",67,187,7,-73.0,780.0
210,"12,10,14",68,188,7,-71.0,781.0
211,"12,10,15",69,189,7,-73.0,778.0
212,"12,10,17",70,189,7,-72.0,783.0
213,"12,10,18",71,190,7,-71.0,784.0
214,"12,10,19",72,190,7,-73.0,785.0
215,"12,10,20",73,191,7,-70.0,788.0
216,"12,10,21",74,192,7,-72.0,790.0
217,"12,10,22",75,192,7,-73.0,791.0
218,"12,10,23",76,193,7,-73.0,792.0
219,"12,10,24",77,193,7,-71.0,792.0
220,"12,10,25",78,194,7,-71.0,793.0
221,"12,10,26",79,195,7,-73.0,795.0
222,"12,10,27",80,195,7,-70.0,796.0
223,"12,10,28",81,196,7,-72.0,798.0
224,"12,10,29",82,196,7,-72.0,799.0
225,"12,10,30",83,197,7,-72.0,801.0
226,"12,10,31",84,198,7,-70.0,801.0
227,"12,11,01",85,198,7,-71.0,805.0
228,"12,11,02",86,199,7,-71.0,808.0
229,"12,11,03",87,199,7,-70.0,808.0
230,"12,11,04",88,200,7,-70.0,811.0
231,"12,11,05",89,201,7,-73.0,813.0
233,"12,11,06",90,201,7,-71.0,813.0
234,"12,11,07",91,202,7,-74.0,817.0
235,"12,11,08",92,202,7,-74.0,820.0
236,"12,11,09",93,203,7,-72.0,819.0
237,"12,11,10",94,204,7,-70.0,822.0
238,"12,11,11",95,204,7,-68.0,822.0
239,"12,11,12",96,205,7,-71.0,826.0
240,"12,11,13",97,206,7,-68.0,828.0
241,"12,11,14",98,206,7,-68.0,828.0
242,"12,11,15",99,207,7,-68.0,829.0
3,"12,11,16",100,207,7,-66.0,829.0
4,"12,11,17",101,208,7,-65.0,830.0
5,"12,11,18",102,209,7,-67.0,833.0
6,"12,11,19",103,209,7,-66.0,836.0
7,"12,11,20",104,210,8,-67.0,838.0
8,"12,11,21",105,211,8,-66.0,839.0
9,"12,11,23",106,211,8,-66.0,841.0
10,"12,11,24",107,212,8,-66.0,844.0
11,"12,11,25",108,212,8,-65.0,845.0
12,"12,11,26",109,213,8,-64.0,844.0
14,"12,11,27",110,214,8,-65.0,848.0
15,"12,11,28",111,214,8,-66.0,849.0
16,"12,11,29",112,215,8,-65.0,852.0
17,"12,11,30",113,216,8,-66.0,857.0
18,"12,12,01",114,216,8,-69.0,857.0
19,"12,12,02",115,217,8,-66.0,857.0
20,"12,12,03",116,217,8,-67.0,859.0
21,"12,12,04",117,218,8,-66.0,861.0
22,"12,12,05",118,219,8,-65.0,864.0
23,"12,12,06",119,219,8,-66.0,866.0
25,"12,12,07",120,220,8,-67.0,867.0
26,"12,12,08",121,221,8,-66.0,869.0
27,"12,12,09",122,221,8,-65.0,869.0
28,"12,12,10",123,222,8,-66.0,875.0
29,"12,12,11",124,223,8,-66.0,876.0
30,"12,12,12",125,223,8,-68.0,880.0
31,"12,12,13",126,224,8,-66.0,880.0
32,"12,12,14",127,224,8,-67.0,884.0
33,"12,12,15",128,225,8,-67.0,883.0
34,"12,12,16",129,226,8,-65.0,886.0
36,"12,12,17",130,226,8,-65.0,888.0
37,"12,12,18",131,227,8,-65.0,889.0
38,"12,12,19",132,228,8,-65.0,890.0
39,"12,12,20",133,228,8,-65.0,891.0
40,"12,12,21",134,229,8,-67.0,893.0
41,"12,12,22",135,230,8,-65.0,894.0
42,"12,12,23",136,230,8,-65.0,897.0
43,"12,12,24",137,231,8,-64.0,896.0
44,"12,12,25",138,232,8,-65.0,899.0
45,"12,12,26",139,232,8,-66.0,899.0
47,"12,12,27",140,233,8,-66.0,903.0
48,"12,12,28",141,233,8,-64.0,904.0
49,"12,12,29",142,234,8,-65.0,906.0
50,"12,12,31",143,235,8,-63.0,908.0
51,"13,01,01",144,235,8,-64.0,907.0
52,"13,01,02",145,236,8,-64.0,909.0
53,"13,01,03",146,237,8,-65.0,908.0
54,"13,01,04",147,237,8,-65.0,914.0
55,"13,01,05",148,238,8,-65.0,912.0
56,"13,01,06",149,239,8,-65.0,914.0
58,"13,01,07",150,239,8,-64.0,913.0
59,"13,01,08",151,240,9,-65.0,915.0
60,"13,01,09",152,241,9,-63.0,914.0
61,"13,01,10",153,241,9,-65.0,915.0
62,"13,01,11",154,242,9,-65.0,917.0
63,"13,01,12",155,243,9,-64.0,917.0
64,"13,01,13",156,243,9,-65.0,922.0
65,"13,01,14",157,244,9,-64.0,920.0
66,"13,01,15",158,245,9,-66.0,922.0
67,"13,01,16",159,245,9,-65.0,918.0
69,"13,01,17",160,246,9,-67.0,919.0
70,"13,01,18",161,246,9,-65.0,919.0
71,"13,01,19",162,247,9,-65.0,919.0
72,"13,01,20",163,248,9,-65.0,919.0
73,"13,01,21",164,248,9,-64.0,919.0
74,"13,01,22",165,249,9,-65.0,922.0
75,"13,01,23",166,250,9,-65.0,922.0
76,"13,01,24",167,250,9,-65.0,920.0
77,"13,01,25",168,251,9,-66.0,923.0
78,"13,01,26",169,252,9,-66.0,922.0
80,"13,01,27",170,252,9,-66.0,925.0
81,"13,01,28",171,253,9,-67.0,925.0
82,"13,01,29",172,254,9,-67.0,923.0
83,"13,01,30",173,254,9,-67.0,920.0
84,"13,01,31",174,255,9,-67.0,921.0
85,"13,02,01",175,256,9,-68.0,921.0
86,"13,02,02",176,256,9,-67.0,920.0
87,"13,02,03",177,257,9,-66.0,921.0
88,"13,02,04",178,258,9,-66.0,920.0
89,"13,02,06",179,258,9,-66.0,920.0
91,"13,02,07",180,259,9,-67.0,919.0
92,"13,02,08",181,260,9,-67.0,918.0
93,"13,02,09",182,260,9,-67.0,921.0
94,"13,02,10",183,261,9,-67.0,921.0
95,"13,02,11",184,261,9,-67.0,923.0
96,"13,02,12",185,262,9,-67.0,923.0
97,"13,02,13",186,263,9,-66.0,922.0
98,"13,02,14",187,263,9,-67.0,921.0
99,"13,02,15",188,264,9,-68.0,920.0
100,"13,02,16",189,265,9,-68.0,920.0
102,"13,02,17",190,265,9,-66.0,917.0
103,"13,02,18",191,266,9,-67.0,921.0
106,"13,02,23",196,269,9,-66.0,916.0
107,"13,02,24",197,270,10,-68.0,915.0
108,"13,02,25",198,271,10,-67.0,914.0
109,"13,02,26",199,271,10,-66.0,917.0
116,"13,03,23",223,287,10,-71.0,895.0
117,"13,03,24",224,287,10,-69.0,894.0
118,"13,03,25",225,288,10,-71.0,894.0
119,"13,03,26",226,288,10,-70.0,894.0
120,"13,03,27",227,289,10,-70.0,892.0
121,"13,03,28",228,290,10,-71.0,894.0
122,"13,03,29",229,290,10,-69.0,894.0
124,"13,03,30",230,291,10,-69.0,888.0
125,"13,03,31",231,292,10,-71.0,890.0
126,"13,04,01",232,292,10,-69.0,888.0
127,"13,04,02",233,293,10,-69.0,889.0
128,"13,04,03",234,293,10,-69.0,890.0
129,"13,04,04",235,294,10,-70.0,886.0
130,"13,04,05",236,295,10,-72.0,886.0
131,"13,04,06",237,295,10,-71.0,883.0
132,"13,04,07",238,296,10,-70.0,885.0
133,"13,04,08",239,297,10,-73.0,885.0
135,"13,04,09",240,297,10,-70.0,884.0
136,"13,04,10",241,298,10,-72.0,884.0
137,"13,04,11",242,298,10,-70.0,881.0
138,"13,04,12",243,299,10,-71.0,884.0
139,"13,04,13",244,300,11,-69.0,878.0
140,"13,04,14",245,300,11,-70.0,879.0
141,"13,04,15",246,301,11,-73.0,878.0
142,"13,04,16",247,301,11,-71.0,873.0
143,"13,04,17",248,302,11,-70.0,877.0
144,"13,04,18",249,303,11,-69.0,873.0
146,"13,04,19",250,303,11,-70.0,877.0
147,"13,04,20",251,304,11,-71.0,876.0
148,"13,04,22",252,304,11,-71.0,874.0
149,"13,04,23",253,305,11,-71.0,877.0
150,"13,04,24",254,306,11,-70.0,871.0
151,"13,04,25",255,306,11,-69.0,877.0
152,"13,04,26",256,307,11,-70.0,871.0
153,"13,04,27",257,308,11,-70.0,871.0
154,"13,04,28",258,308,11,-71.0,869.0
155,"13,04,29",259,309,11,-72.0,871.0
157,"13,04,30",260,309,11,-70.0,875.0
158,"13,05,01",261,310,11,-70.0,868.0
161,"13,05,08",268,314,11,-70.0,864.0
162,"13,05,09",269,315,11,-72.0,866.0
164,"13,05,10",270,315,11,-67.0,863.0
165,"13,05,11",271,316,11,-69.0,864.0
166,"13,05,12",272,316,11,-71.0,864.0
167,"13,05,13",273,317,11,-70.0,861.0
168,"13,05,14",274,318,11,-70.0,861.0
169,"13,05,15",275,318,11,-67.0,860.0
244,"13,05,16",276,319,11,-69.0,858.0
245,"13,05,17",277,319,11,-69.0,857.0
246,"13,05,18",278,320,11,-67.0,855.0
247,"13,05,19",279,321,11,-68.0,856.0
248,"13,05,20",280,321,11,-69.0,856.0
249,"13,05,21",281,322,11,-68.0,855.0
250,"13,05,22",282,322,11,-72.0,856.0
251,"13,05,23",283,323,11,-68.0,854.0
252,"13,05,24",284,323,11,-71.0,854.0
253,"13,05,25",285,324,11,-70.0,852.0
254,"13,05,26",286,325,11,-71.0,854.0
255,"13,05,27",287,325,11,-72.0,856.0
256,"13,05,29",288,326,11,-69.0,854.0
257,"13,05,30",289,326,11,-71.0,854.0
258,"13,05,31",290,327,11,-71.0,853.0
259,"13,06,01",291,327,11,-70.0,853.0
260,"13,06,02",292,328,11,-71.0,853.0
261,"13,06,03",293,329,11,-72.0,850.0
262,"13,06,04",294,329,11,-72.0,852.0
263,"13,06,05",295,330,12,-71.0,853.0
264,"13,06,06",296,330,12,-71.0,850.0
265,"13,06,07",297,331,12,-72.0,849.0
266,"13,06,08",298,331,12,-72.0,850.0
267,"13,06,09",299,332,12,-71.0,849.0
286,"13,06,10",300,333,12,-72.0,852.0
276,"13,06,11",301,333,12,-73.0,852.0
287,"13,06,12",302,334,12,-71.0,850.0
283,"13,06,13",303,334,12,-71.0,849.0
281,"13,06,14",304,335,12,-70.0,848.0
275,"13,06,15",305,335,12,-71.0,847.0
280,"13,06,16",306,336,12,-71.0,848.0
279,"13,06,17",307,336,12,-72.0,851.0
282,"13,06,18",308,337,12,-73.0,850.0
284,"13,06,19",309,338,12,-72.0,848.0
278,"13,06,20",310,338,12,-71.0,849.0
277,"13,06,21",311,339,12,-74.0,846.0
285,"13,06,22",312,339,12,-71.0,845.0
274,"13,06,23",313,340,12,-77.0,849.0
272,"13,06,24",314,340,12,-73.0,848.0
273,"13,06,25",315,341,12,-74.0,850.0
288,"13,06,26",316,341,12,-74.0,851.0
268,"13,06,27",317,342,12,-72.0,849.0
270,"13,06,28",318,342,12,-74.0,849.0
271,"13,06,29",319,343,12,-73.0,847.0
269,"13,06,30",320,344,12,-74.0,846.0
289,"13,07,01",321,344,12,-75.0,847.0
291,"13,07,02",322,345,12,-74.0,849.0
290,"13,07,03",323,345,12,-74.0,847.0
292,"13,07,04",324,346,12,-75.0,850.0
294,"13,07,06",325,346,12,-74.0,847.0
295,"13,07,07",326,347,12,-72.0,848.0
296,"13,07,08",327,347,12,-74.0,848.0
293,"13,07,09",328,348,12,-75.0,847.0
298,"13,07,10",329,348,12,-74.0,847.0
297,"13,07,11",330,349,12,-75.0,848.0
303,"13,07,12",331,349,12,-74.0,848.0
300,"13,07,13",332,350,12,-76.0,849.0
299,"13,07,14",333,350,12,-75.0,849.0
301,"13,07,15",334,351,12,-74.0,852.0
302,"13,07,16",335,352,12,-76.0,852.0
305,"13,07,17",336,352,12,-76.0,852.0
304,"13,07,18",337,353,12,-75.0,853.0
306,"13,07,19",338,353,12,-78.0,848.0
308,"13,07,20",339,354,12,-76.0,849.0
307,"13,07,21",340,354,12,-76.0,851.0
310,"13,07,22",341,355,12,-77.0,852.0
309,"13,07,23",342,355,12,-76.0,851.0
311,"13,07,24",343,356,12,-77.0,850.0
317,"13,07,25",344,356,12,-77.0,851.0
312,"13,07,26",345,357,12,-77.0,853.0
314,"13,07,27",346,357,12,-76.0,853.0
313,"13,07,28",347,358,12,-77.0,851.0
315,"13,07,29",348,358,12,-74.0,850.0
316,"13,07,30",349,359,12,-75.0,852.0
318,"13,07,31",350,359,12,-76.0,853.0
320,"13,08,01",351,0,1,-75.0,853.0
319,"13,08,02",352,0,1,-77.0,854.0
323,"13,08,03",353,1,1,-75.0,855.0
322,"13,08,04",354,1,1,-75.0,857.0
321,"13,08,05",355,2,1,-75.0,857.0
324,"13,08,06",356,2,1,-77.0,856.0
325,"13,08,07",357,3,1,-76.0,857.0
326,"13,08,17",366,7,1,-76.0,861.0
328,"13,08,18",367,8,1,-76.0,862.0
330,"13,08,19",368,8,1,-77.0,863.0
331,"13,08,20",369,9,1,-75.0,865.0
332,"13,08,21",370,9,1,-79.0,865.0
333,"13,08,22",371,10,1,-77.0,865.0
334,"13,08,23",372,10,1,-76.0,866.0
335,"13,08,24",373,11,1,-79.0,866.0
337,"13,08,25",374,11,1,-79.0,866.0
336,"13,08,26",375,12,1,-77.0,867.0
340,"13,08,27",376,12,1,-78.0,870.0
338,"13,08,28",377,13,1,-78.0,870.0
339,"13,08,29",378,13,1,-78.0,869.0
341,"13,08,30",379,14,1,-79.0,870.0
343,"13,08,31",380,14,1,-79.0,870.0
345,"13,09,01",381,15,1,-79.0,871.0
344,"13,09,02",382,15,1,-76.0,872.0
342,"13,09,03",383,16,1,-77.0,874.0
346,"13,09,04",384,16,1,-77.0,875.0
351,"13,09,05",385,17,1,-78.0,874.0
347,"13,09,06",386,17,1,-77.0,873.0
349,"13,09,07",387,18,1,-78.0,874.0
350,"13,09,08",388,18,1,-79.0,875.0
348,"13,09,09",389,19,1,-79.0,875.0
352,"13,09,10",390,19,1,-78.0,875.0
353,"13,09,11",391,20,1,-78.0,875.0
354,"13,09,12",392,20,1,-77.0,876.0
355,"13,09,13",393,21,1,-76.0,877.0
356,"13,09,14",394,21,1,-79.0,878.0
357,"13,09,15",395,22,1,-77.0,878.0
358,"13,09,16",396,22,1,-78.0,879.0
359,"13,09,18",397,23,1,-75.0,880.0
360,"13,09,19",398,23,1,-79.0,880.0
361,"13,09,20",399,24,1,-79.0,881.0
363,"13,09,21",400,24,1,-79.0,881.0
362,"13,09,22",401,25,1,-79.0,882.0
365,"13,09,23",402,25,1,-78.0,883.0
364,"13,09,24",403,25,1,-80.0,883.0
367,"13,09,25",404,26,1,-78.0,884.0
366,"13,09,26",405,26,1,-82.0,885.0
374,"13,09,27",406,27,1,-81.0,886.0
370,"13,09,28",407,27,1,-81.0,887.0
369,"13,09,29",408,28,1,-80.0,887.0
368,"13,09,30",409,28,1,-81.0,887.0
373,"13,10,01",410,29,1,-81.0,888.0
372,"13,10,02",411,29,1,-82.0,887.0
371,"13,10,03",412,30,2,-80.0,888.0
376,"13,10,04",413,30,2,-82.0,888.0
375,"13,10,05",414,31,2,-79.0,889.0
377,"13,10,06",415,31,2,-82.0,890.0
378,"13,10,07",416,32,2,-79.0,889.0
379,"13,10,08",417,32,2,-82.0,890.0
380,"13,10,09",418,33,2,-79.0,891.0
381,"13,10,10",419,33,2,-82.0,891.0
385,"13,10,11",420,33,2,-80.0,892.0
382,"13,10,12",421,34,2,-81.0,890.0
384,"13,10,13",422,34,2,-82.0,891.0
383,"13,10,14",423,35,2,-81.0,892.0
386,"13,10,15",424,35,2,-81.0,893.0
393,"13,10,16",425,36,2,-81.0,893.0
388,"13,10,17",426,36,2,-79.0,893.0
392,"13,10,18",427,37,2,-81.0,893.0
391,"13,10,19",428,37,2,-81.0,894.0
387,"13,10,20",429,38,2,-82.0,895.0
390,"13,10,21",430,38,2,-82.0,896.0
389,"13,10,22",431,39,2,-83.0,895.0
395,"13,10,23",432,39,2,-80.0,896.0
394,"13,10,24",433,40,2,-81.0,895.0
397,"13,10,26",434,40,2,-80.0,896.0
396,"13,10,27",435,40,2,-81.0,896.0
398,"13,10,28",436,41,2,-81.0,897.0
399,"13,10,29",437,41,2,-82.0,898.0
400,"13,10,30",438,42,2,-79.0,899.0
401,"13,10,31",439,42,2,-80.0,899.0
404,"13,11,01",440,43,2,-80.0,899.0
402,"13,11,02",441,43,2,-81.0,900.0
405,"13,11,03",442,44,2,-80.0,900.0
403,"13,11,04",443,44,2,-81.0,901.0
407,"13,11,16",455,50,2,-84.0,905.0
406,"13,11,17",456,50,2,-83.0,905.0
409,"13,11,24",463,53,2,-86.0,906.0
410,"13,11,25",464,54,2,-84.0,906.0
412,"13,11,26",465,54,2,-85.0,906.0
415,"13,11,27",466,55,2,-85.0,907.0
411,"13,11,28",467,55,2,-84.0,907.0
414,"13,11,29",468,55,2,-85.0,907.0
413,"13,11,30",469,56,2,-85.0,908.0
475,"13,12,02",470,56,2,-85.0,907.0
479,"13,12,03",471,57,2,-84.0,906.0
416,"13,12,04",472,57,2,-84.0,907.0
417,"13,12,05",473,58,2,-86.0,907.0
420,"13,12,06",474,58,2,-84.0,906.0
419,"13,12,07",475,59,2,-85.0,906.0
418,"13,12,08",476,59,2,-85.0,906.0
421,"13,12,09",477,60,3,-85.0,907.0
422,"13,12,18",486,64,3,-84.0,904.0
473,"13,12,19",487,64,3,-85.0,904.0
480,"13,12,20",488,64,3,-87.0,903.0
423,"13,12,21",489,65,3,-85.0,904.0
434,"13,12,22",490,65,3,-87.0,903.0
433,"13,12,23",491,66,3,-86.0,903.0
427,"13,12,24",492,66,3,-86.0,903.0
426,"13,12,25",493,67,3,-84.0,902.0
429,"13,12,26",494,67,3,-85.0,902.0
431,"13,12,27",495,68,3,-86.0,900.0
428,"13,12,28",496,68,3,-85.0,901.0
425,"13,12,29",497,69,3,-86.0,901.0
424,"13,12,30",498,69,3,-86.0,901.0
432,"13,12,31",499,69,3,-84.0,899.0
430,"14,01,01",500,70,3,-85.0,897.0
435,"14,01,02",501,70,3,-86.0,898.0
437,"14,01,03",502,71,3,-87.0,898.0
483,"14,01,04",503,71,3,-86.0,897.0
436,"14,01,05",504,72,3,-85.0,895.0
438,"14,01,06",505,72,3,-85.0,895.0
439,"14,01,08",506,73,3,-86.0,894.0
440,"14,01,09",507,73,3,-85.0,894.0
442,"14,01,10",508,73,3,-83.0,893.0
443,"14,01,11",509,74,3,-86.0,895.0
441,"14,01,12",510,74,3,-85.0,892.0
446,"14,01,13",511,75,3,-85.0,892.0
444,"14,01,14",512,75,3,-86.0,890.0
445,"14,01,15",513,76,3,-86.0,889.0
447,"14,01,16",514,76,3,-86.0,888.0
450,"14,01,17",515,77,3,-86.0,888.0
449,"14,01,18",516,77,3,-86.0,888.0
448,"14,01,19",517,77,3,-86.0,885.0
451,"14,01,20",518,78,3,-85.0,885.0
452,"14,01,21",519,78,3,-86.0,884.0
453,"14,01,22",520,79,3,-86.0,884.0
454,"14,01,23",521,79,3,-87.0,882.0
455,"14,01,24",522,80,3,-85.0,881.0
458,"14,01,25",523,80,3,-85.0,881.0
457,"14,01,26",524,81,3,-85.0,880.0
456,"14,01,27",525,81,3,-87.0,878.0
459,"14,01,28",526,82,3,-87.0,878.0
460,"14,01,29",527,82,3,-86.0,877.0
461,"14,01,30",528,82,3,-86.0,876.0
462,"14,01,31",529,83,3,-87.0,875.0
463,"14,02,01",530,83,3,-87.0,873.0
465,"14,02,02",531,84,3,-87.0,872.0
464,"14,02,03",532,84,3,-88.0,872.0
466,"14,02,04",533,85,3,-87.0,871.0
467,"14,02,05",534,85,3,-86.0,869.0
468,"14,02,06",535,86,3,-88.0,868.0
470,"14,02,07",536,86,3,-83.0,867.0
469,"14,02,08",537,86,3,-83.0,865.0
472,"14,02,09",538,87,3,-85.0,865.0
476,"14,02,10",539,87,3,-85.0,864.0
481,"14,02,11",540,88,3,-84.0,862.0
482,"14,02,12",541,88,3,-84.0,861.0
477,"14,02,13",542,89,3,-85.0,859.0
486,"14,02,15",543,89,3,-84.0,858.0
487,"14,02,16",544,90,4,-86.0,857.0
490,"14,02,17",545,90,4,-85.0,856.0
489,"14,02,18",546,91,4,-85.0,855.0
488,"14,02,19",547,91,4,-85.0,853.0
491,"14,02,20",548,91,4,-86.0,852.0
492,"14,02,21",549,92,4,-87.0,851.0
494,"14,02,22",550,92,4,-85.0,850.0
495,"14,02,23",551,93,4,-85.0,848.0
493,"14,02,24",552,93,4,-86.0,847.0
496,"14,02,25",553,94,4,-84.0,845.0
497,"14,02,26",554,94,4,-84.0,843.0
499,"14,02,27",555,95,4,-85.0,843.0
501,"14,02,28",556,95,4,-85.0,842.0
498,"14,03,01",557,96,4,-85.0,840.0
500,"14,03,02",558,96,4,-85.0,839.0
502,"14,03,03",559,96,4,-85.0,838.0
503,"14,03,04",560,97,4,-86.0,836.0
504,"14,03,05",561,97,4,-85.0,835.0
506,"14,03,06",562,98,4,-85.0,834.0
505,"14,03,07",563,98,4,-87.0,833.0
509,"14,03,08",564,99,4,-86.0,831.0
508,"14,03,09",565,99,4,-85.0,830.0
507,"14,03,10",566,100,4,-86.0,829.0
510,"14,03,11",567,100,4,-86.0,827.0
511,"14,03,12",568,101,4,-86.0,825.0
512,"14,03,13",569,101,4,-85.0,825.0
513,"14,03,14",570,102,4,-84.0,823.0
515,"14,03,15",571,102,4,-84.0,821.0
514,"14,03,16",572,102,4,-85.0,820.0
516,"14,03,17",573,103,4,-84.0,819.0
517,"14,03,18",574,103,4,-85.0,817.0
518,"14,03,19",575,104,4,-82.0,816.0
520,"14,03,20",576,104,4,-84.0,815.0
519,"14,03,21",577,105,4,-84.0,813.0
521,"14,03,22",578,105,4,-83.0,812.0
522,"14,03,24",579,106,4,-82.0,811.0
523,"14,03,25",580,106,4,-83.0,810.0
524,"14,03,26",581,107,4,-84.0,808.0
525,"14,03,27",582,107,4,-84.0,807.0
526,"14,03,28",583,108,4,-82.0,806.0
528,"14,03,29",584,108,4,-82.0,804.0
527,"14,03,30",585,109,4,-83.0,802.0
529,"14,03,31",586,109,4,-82.0,802.0
530,"14,04,01",587,109,4,-85.0,801.0
532,"14,04,02",588,110,4,-84.0,799.0
531,"14,04,03",589,110,4,-85.0,798.0
535,"14,04,04",590,111,4,-82.0,797.0
533,"14,04,05",591,111,4,-82.0,795.0
534,"14,04,06",592,112,4,-83.0,795.0
536,"14,04,07",593,112,4,-83.0,795.0
537,"14,04,08",594,113,4,-83.0,793.0
538,"14,04,09",595,113,4,-83.0,792.0
539,"14,04,10",596,114,4,-82.0,791.0
540,"14,04,11",597,114,4,-84.0,790.0
542,"14,04,12",598,115,4,-84.0,787.0
543,"14,04,13",599,115,4,-84.0,788.0
541,"14,04,14",600,116,4,-81.0,787.0
544,"14,04,15",601,116,4,-82.0,785.0
545,"14,04,16",602,117,4,-82.0,784.0
548,"14,04,17",603,117,4,-83.0,783.0
546,"14,04,18",604,118,4,-84.0,782.0
547,"14,04,19",605,118,4,-83.0,781.0
549,"14,04,20",606,118,4,-84.0,780.0
550,"14,04,21",607,119,4,-83.0,779.0
551,"14,04,22",608,119,4,-85.0,777.0
552,"14,04,23",609,120,5,-84.0,777.0
554,"14,04,24",610,120,5,-85.0,776.0
555,"14,04,25",611,121,5,-84.0,775.0
553,"14,04,26",612,121,5,-85.0,774.0
556,"14,04,27",613,122,5,-84.0,773.0
557,"14,04,28",614,122,5,-82.0,772.0
558,"14,04,29",615,123,5,-83.0,771.0
559,"14,05,01",616,123,5,-82.0,769.0
561,"14,05,02",617,124,5,-84.0,769.0
562,"14,05,03",618,124,5,-83.0,769.0
560,"14,05,04",619,125,5,-82.0,766.0
563,"14,05,05",620,125,5,-83.0,765.0
564,"14,05,06",621,126,5,-82.0,765.0
565,"14,05,07",622,126,5,-84.0,763.0
566,"14,05,08",623,127,5,-83.0,763.0
568,"14,05,09",624,127,5,-82.0,762.0
569,"14,05,10",625,128,5,-81.0,761.0
567,"14,05,11",626,128,5,-82.0,760.0
570,"14,05,12",627,129,5,-82.0,759.0
571,"14,05,13",628,129,5,-81.0,759.0
572,"14,05,14",629,130,5,-84.0,759.0
573,"14,05,15",630,130,5,-82.0,757.0
576,"14,05,16",631,131,5,-81.0,756.0
575,"14,05,17",632,131,5,-79.0,755.0
574,"14,05,18",633,132,5,-81.0,754.0
577,"14,05,19",634,132,5,-82.0,753.0
578,"14,05,20",635,133,5,-82.0,754.0
582,"14,05,21",636,133,5,-81.0,752.0
580,"14,05,22",637,134,5,-80.0,752.0
579,"14,05,23",638,134,5,-80.0,751.0
581,"14,05,24",639,135,5,-80.0,750.0
583,"14,05,25",640,135,5,-81.0,750.0
584,"14,05,26",641,136,5,-81.0,749.0
585,"14,05,27",642,136,5,-80.0,749.0
586,"14,05,28",643,137,5,-80.0,748.0
588,"14,05,29",644,137,5,-80.0,748.0
589,"14,05,30",645,138,5,-81.0,746.0
587,"14,05,31",646,138,5,-81.0,746.0
590,"14,06,01",647,139,5,-79.0,746.0
591,"14,06,02",648,139,5,-80.0,746.0
592,"14,06,03",649,140,5,-79.0,745.0
593,"14,06,04",650,140,5,-80.0,743.0
595,"14,06,05",651,141,5,-80.0,743.0
594,"14,06,07",652,141,5,-79.0,745.0
596,"14,06,08",653,142,5,-80.0,744.0
597,"14,06,09",654,142,5,-79.0,742.0
598,"14,06,10",655,143,5,-77.0,741.0
599,"14,06,11",656,143,5,-80.0,740.0
600,"14,06,12",657,144,5,-79.0,739.0
602,"14,06,13",658,144,5,-79.0,739.0
603,"14,06,14",659,145,5,-77.0,738.0
601,"14,06,15",660,145,5,-78.0,735.0
604,"14,06,16",661,146,5,-76.0,735.0
605,"14,06,17",662,146,5,-77.0,735.0
609,"14,06,18",663,147,5,-77.0,734.0
607,"14,06,19",664,147,5,-78.0,732.0
610,"14,06,20",665,148,5,-78.0,735.0
608,"14,06,21",666,148,5,-77.0,736.0
606,"14,06,22",667,149,5,-76.0,736.0
611,"14,06,23",668,150,6,-75.0,734.0
613,"14,06,24",669,150,6,-84.0,735.0
612,"14,06,25",670,151,6,-79.0,737.0
614,"14,06,26",671,151,6,-79.0,740.0
615,"14,06,27",672,152,6,-78.0,739.0
616,"14,06,28",673,152,6,-78.0,738.0
617,"14,06,29",674,153,6,-80.0,739.0
618,"14,06,30",675,153,6,-80.0,740.0
619,"14,07,01",676,154,6,-80.0,738.0
622,"14,07,02",677,154,6,-78.0,737.0
621,"14,07,03",678,155,6,-77.0,739.0
624,"14,07,04",679,155,6,-77.0,738.0
620,"14,07,05",680,156,6,-76.0,740.0
623,"14,07,06",681,156,6,-79.0,738.0
625,"14,07,07",682,157,6,-77.0,739.0
626,"14,07,08",683,158,6,-79.0,741.0
627,"14,07,09",684,158,6,-75.0,741.0
628,"14,07,10",685,159,6,-77.0,740.0
629,"14,07,11",686,159,6,-76.0,738.0
630,"14,07,12",687,160,6,-77.0,739.0
631,"14,07,14",688,160,6,-77.0,741.0
632,"14,07,15",689,161,6,-76.0,742.0
633,"14,07,16",690,161,6,-77.0,741.0
634,"14,07,17",691,162,6,-76.0,741.0
637,"14,07,18",692,162,6,-76.0,742.0
636,"14,07,19",693,163,6,-76.0,741.0
635,"14,07,20",694,164,6,-75.0,740.0
638,"14,07,21",695,164,6,-76.0,741.0
639,"14,07,22",696,165,6,-75.0,743.0
640,"14,07,23",697,165,6,-74.0,743.0
641,"14,07,24",698,166,6,-77.0,743.0
642,"14,07,25",699,166,6,-76.0,744.0
643,"14,07,26",700,167,6,-75.0,745.0
644,"14,07,27",701,167,6,-77.0,745.0
645,"14,07,28",702,168,6,-76.0,745.0
646,"14,07,29",703,169,6,-75.0,747.0
647,"14,07,30",704,169,6,-75.0,747.0
648,"14,07,31",705,170,6,-76.0,746.0
650,"14,08,01",706,170,6,-76.0,748.0
651,"14,08,02",707,171,6,-76.0,749.0
649,"14,08,03",708,171,6,-76.0,749.0
652,"14,08,04",709,172,6,-73.0,750.0
653,"14,08,05",710,172,6,-77.0,751.0
654,"14,08,06",711,173,6,-75.0,751.0
658,"14,08,07",712,174,6,-77.0,752.0
656,"14,08,08",713,174,6,-76.0,754.0
655,"14,08,09",714,175,6,-76.0,754.0
657,"14,08,10",715,175,6,-73.0,755.0
659,"14,08,11",716,176,6,-75.0,755.0
661,"14,08,12",717,176,6,-76.0,756.0
660,"14,08,13",718,177,6,-77.0,757.0
662,"14,08,14",719,178,6,-77.0,758.0
663,"14,08,15",720,178,6,-74.0,760.0
664,"14,08,16",721,179,6,-73.0,761.0
665,"14,08,17",722,179,6,-74.0,760.0
666,"14,08,18",723,180,7,-73.0,761.0
667,"14,08,19",724,181,7,-74.0,763.0
669,"14,08,21",725,181,7,-73.0,764.0
668,"14,08,22",726,182,7,-75.0,766.0
671,"14,08,23",727,182,7,-76.0,766.0
670,"14,08,24",728,183,7,-74.0,766.0
672,"14,08,25",729,183,7,-75.0,768.0
676,"14,08,26",730,184,7,-76.0,770.0
673,"14,08,27",731,185,7,-75.0,771.0
677,"14,08,28",732,185,7,-75.0,773.0
674,"14,08,29",733,186,7,-74.0,773.0
675,"14,08,30",734,186,7,-73.0,776.0
678,"14,08,31",735,187,7,-73.0,776.0
679,"14,09,01",736,188,7,-76.0,776.0
680,"14,09,02",737,188,7,-74.0,777.0
681,"14,09,03",738,189,7,-75.0,778.0
682,"14,09,04",739,189,7,-77.0,779.0
685,"14,09,05",740,190,7,-76.0,782.0
683,"14,09,06",741,191,7,-70.0,784.0
684,"14,09,07",742,191,7,-72.0,784.0
686,"14,09,08",743,192,7,-72.0,786.0
687,"14,09,09",744,192,7,-75.0,786.0
689,"14,09,10",745,193,7,-74.0,787.0
688,"14,09,11",746,194,7,-76.0,788.0
691,"14,09,12",747,194,7,-73.0,789.0
690,"14,09,13",748,195,7,-71.0,791.0
692,"14,09,14",749,195,7,-73.0,794.0
693,"14,09,15",750,196,7,-72.0,796.0
695,"14,09,16",751,197,7,-72.0,797.0
694,"14,09,17",752,197,7,-71.0,798.0
698,"14,09,18",753,198,7,-73.0,800.0
696,"14,09,19",754,198,7,-73.0,802.0
697,"14,09,20",755,199,7,-74.0,806.0
699,"14,09,21",756,200,7,-73.0,806.0
700,"14,09,22",757,200,7,-73.0,807.0
701,"14,09,23",758,201,7,-71.0,810.0
702,"14,09,24",759,201,7,-77.0,809.0
704,"14,09,25",760,202,7,-70.0,810.0
705,"14,09,27",761,203,7,-72.0,814.0
703,"14,09,28",762,203,7,-75.0,814.0
706,"14,09,29",763,204,7,-78.0,817.0
707,"14,09,30",764,205,7,-73.0,821.0
708,"14,10,01",765,205,7,-73.0,820.0
709,"14,10,02",766,206,7,-70.0,824.0
710,"14,10,03",767,206,7,-71.0,824.0
712,"14,10,04",768,207,7,-73.0,826.0
711,"14,10,05",769,208,7,-73.0,829.0
713,"14,10,06",770,208,7,-70.0,829.0
714,"14,10,07",771,209,7,-71.0,836.0
715,"14,10,08",772,210,8,-71.0,835.0
716,"14,10,09",773,210,8,-70.0,838.0
719,"14,10,10",774,211,8,-73.0,838.0
717,"14,10,11",775,211,8,-71.0,838.0
718,"14,10,12",776,212,8,-72.0,841.0
720,"14,10,13",777,213,8,-72.0,841.0
721,"14,10,14",778,213,8,-70.0,846.0
722,"14,10,15",779,214,8,-71.0,845.0
723,"14,10,16",780,215,8,-72.0,852.0
725,"14,10,17",781,215,8,-74.0,849.0
724,"14,10,18",782,216,8,-71.0,854.0
727,"14,10,19",783,216,8,-69.0,853.0
726,"14,10,20",784,217,8,-69.0,857.0
728,"14,10,21",785,218,8,-74.0,858.0
729,"14,10,22",786,218,8,-74.0,861.0
732,"14,10,23",787,219,8,-73.0,860.0
731,"14,10,24",788,220,8,-68.0,862.0
730,"14,10,25",789,220,8,-68.0,862.0
733,"14,10,26",790,221,8,-68.0,864.0
734,"14,10,27",791,222,8,-70.0,867.0
735,"14,10,28",792,222,8,-71.0,873.0
736,"14,10,29",793,223,8,-71.0,877.0
739,"14,10,30",794,223,8,-68.0,874.0
738,"14,10,31",795,224,8,-68.0,875.0
737,"14,11,01",796,225,8,-65.0,877.0
740,"14,11,03",797,225,8,-65.0,879.0
741,"14,11,04",798,226,8,-67.0,883.0
743,"14,11,05",799,227,8,-70.0,884.0
742,"14,11,06",800,227,8,-67.0,884.0
746,"14,11,07",801,228,8,-70.0,884.0
745,"14,11,08",802,229,8,-69.0,887.0
744,"14,11,09",803,229,8,-69.0,888.0
747,"14,11,10",804,230,8,-73.0,891.0
748,"14,11,11",805,231,8,-70.0,893.0
750,"14,11,12",806,231,8,-69.0,893.0
749,"14,11,13",807,232,8,-71.0,892.0
752,"14,11,14",808,232,8,-67.0,893.0
753,"14,11,15",809,233,8,-70.0,895.0
751,"14,11,16",810,234,8,-69.0,897.0
754,"14,11,17",811,234,8,-71.0,900.0
755,"14,11,18",812,235,8,-75.0,902.0
756,"14,11,19",813,236,8,-67.0,904.0
757,"14,11,20",814,236,8,-68.0,902.0
759,"14,11,21",815,237,8,-69.0,905.0
758,"14,11,22",816,238,8,-74.0,909.0
761,"14,11,23",817,238,8,-69.0,913.0
760,"14,11,24",818,239,8,-68.0,914.0
763,"14,11,25",819,240,9,-71.0,913.0
765,"14,11,26",820,240,9,-68.0,910.0
762,"14,11,27",821,241,9,-68.0,910.0
764,"14,11,28",822,242,9,-71.0,911.0
766,"14,11,29",823,242,9,-69.0,912.0
768,"14,11,30",824,243,9,-67.0,914.0
767,"14,12,01",825,243,9,-67.0,914.0
770,"14,12,02",826,244,9,-68.0,914.0
769,"14,12,03",827,245,9,-68.0,911.0
771,"14,12,04",828,245,9,-71.0,914.0
773,"14,12,05",829,246,9,-71.0,914.0
772,"14,12,06",830,247,9,-68.0,918.0
774,"14,12,07",831,247,9,-68.0,920.0
775,"14,12,08",832,248,9,-68.0,924.0
776,"14,12,09",833,249,9,-69.0,923.0
777,"14,12,11",834,249,9,-68.0,918.0
780,"14,12,12",835,250,9,-69.0,917.0
778,"14,12,13",836,251,9,-69.0,916.0
779,"14,12,14",837,251,9,-69.0,916.0
782,"14,12,15",838,252,9,-69.0,917.0
781,"14,12,16",839,253,9,-70.0,917.0
783,"14,12,17",840,253,9,-74.0,913.0
784,"14,12,18",841,254,9,-75.0,914.0
790,"14,12,19",842,255,9,-69.0,914.0
793,"14,12,20",843,255,9,-69.0,916.0
788,"14,12,21",844,256,9,-68.0,917.0
786,"14,12,22",845,257,9,-73.0,920.0
785,"14,12,23",846,257,9,-74.0,925.0
791,"14,12,24",847,258,9,-69.0,918.0
792,"14,12,25",848,258,9,-69.0,918.0
787,"14,12,26",849,259,9,-69.0,918.0
789,"14,12,27",850,260,9,-68.0,918.0
794,"14,12,28",851,260,9,-68.0,919.0
797,"14,12,29",852,261,9,-73.0,916.0
796,"14,12,30",853,262,9,-67.0,913.0
798,"14,12,31",854,262,9,-66.0,910.0
799,"15,01,01",855,263,9,-69.0,912.0
795,"15,01,02",856,264,9,-68.0,912.0
801,"15,01,03",857,264,9,-76.0,911.0
800,"15,01,04",858,265,9,-73.0,913.0
802,"15,01,05",859,266,9,-72.0,915.0
803,"15,01,06",860,266,9,-69.0,916.0
804,"15,01,07",861,267,9,-70.0,917.0
807,"15,01,08",862,268,9,-70.0,917.0
805,"15,01,09",863,268,9,-72.0,916.0
806,"15,01,10",864,269,9,-70.0,914.0
808,"15,01,11",865,270,10,-70.0,913.0
809,"15,01,12",866,270,10,-71.0,911.0
810,"15,01,13",867,271,10,-71.0,910.0
811,"15,01,14",868,271,10,-71.0,908.0
812,"15,01,15",869,272,10,-72.0,906.0
813,"15,01,17",870,273,10,-74.0,909.0
814,"15,01,18",871,273,10,-70.0,903.0
815,"15,01,19",872,274,10,-72.0,902.0
817,"15,01,28",881,280,10,-73.0,899.0
818,"15,01,29",882,280,10,-76.0,901.0
820,"15,01,30",883,281,10,-74.0,897.0
821,"15,01,31",884,282,10,-71.0,897.0
819,"15,02,01",885,282,10,-71.0,895.0
823,"15,02,02",886,283,10,-73.0,894.0
822,"15,02,03",887,284,10,-73.0,897.0
824,"15,02,04",888,284,10,-70.0,896.0
825,"15,02,05",889,285,10,-70.0,895.0
826,"15,02,06",890,286,10,-72.0,892.0
827,"15,02,07",891,286,10,-72.0,892.0
828,"15,02,08",892,287,10,-71.0,892.0
829,"15,02,09",893,287,10,-72.0,890.0
830,"15,02,10",894,288,10,-75.0,891.0
831,"15,02,11",895,289,10,-72.0,889.0
833,"15,02,12",896,289,10,-70.0,888.0
832,"15,02,13",897,290,10,-72.0,884.0
834,"15,02,14",898,291,10,-72.0,883.0
835,"15,02,15",899,291,10,-75.0,881.0
836,"15,02,16",900,292,10,-70.0,883.0
837,"15,02,17",901,292,10,-71.0,885.0
838,"15,02,18",902,293,10,-68.0,883.0
839,"15,02,19",903,294,10,-71.0,882.0
841,"15,02,20",904,294,10,-71.0,878.0
840,"15,02,21",905,295,10,-71.0,880.0
843,"15,02,22",906,296,10,-76.0,878.0
842,"15,02,24",907,296,10,-75.0,879.0
844,"15,02,25",908,297,10,-71.0,883.0
845,"15,02,26",909,297,10,-70.0,878.0
847,"15,02,27",910,298,10,-73.0,878.0
846,"15,02,28",911,299,10,-70.0,874.0
849,"15,03,01",912,299,10,-75.0,875.0
848,"15,03,02",913,300,11,-71.0,871.0
850,"15,03,03",914,300,11,-71.0,874.0
851,"15,03,04",915,301,11,-71.0,878.0
852,"15,03,05",916,302,11,-71.0,872.0
854,"15,03,06",917,302,11,-76.0,871.0
853,"15,03,07",918,303,11,-71.0,867.0
855,"15,03,08",919,304,11,-74.0,870.0
856,"15,03,09",920,304,11,-72.0,868.0
857,"15,03,10",921,305,11,-70.0,867.0
858,"15,03,11",922,305,11,-73.0,870.0
859,"15,03,12",923,306,11,-72.0,867.0
861,"15,03,13",924,307,11,-74.0,867.0
860,"15,03,14",925,307,11,-71.0,862.0
862,"15,03,15",926,308,11,-76.0,864.0
863,"15,03,16",927,308,11,-76.0,862.0
864,"15,03,17",928,309,11,-72.0,862.0
865,"15,03,18",929,310,11,-75.0,866.0
868,"15,03,19",930,310,11,-75.0,865.0
867,"15,03,20",931,311,11,-69.0,864.0
866,"15,03,21",932,311,11,-71.0,859.0
869,"15,03,22",933,312,11,-71.0,863.0
870,"15,03,23",934,313,11,-73.0,858.0
872,"15,03,24",935,313,11,-75.0,862.0
871,"15,03,25",936,314,11,-72.0,865.0
874,"15,03,26",937,314,11,-73.0,863.0
876,"15,03,29",940,316,11,-73.0,861.0
875,"15,03,30",941,317,11,-74.0,857.0
880,"15,03,31",942,317,11,-74.0,857.0
877,"15,04,02",943,318,11,-73.0,854.0
878,"15,04,03",944,318,11,-70.0,852.0
881,"15,04,04",945,319,11,-72.0,851.0
879,"15,04,05",946,320,11,-77.0,850.0
882,"15,04,06",947,320,11,-70.0,853.0
883,"15,04,07",948,321,11,-73.0,854.0
884,"15,04,08",949,321,11,-72.0,851.0
885,"15,04,09",950,322,11,-73.0,850.0
888,"15,04,10",951,323,11,-75.0,849.0
886,"15,04,11",952,323,11,-69.0,847.0
887,"15,04,12",953,324,11,-71.0,847.0
889,"15,04,13",954,324,11,-73.0,847.0
892,"15,04,17",958,327,11,-74.0,848.0
891,"15,04,18",959,327,11,-78.0,846.0
893,"15,04,19",960,328,11,-76.0,846.0
895,"15,04,20",961,328,11,-71.0,849.0
894,"15,04,21",962,329,11,-73.0,845.0
896,"15,04,22",963,329,11,-71.0,850.0
897,"15,04,23",964,330,12,-72.0,847.0
898,"15,04,24",965,331,12,-75.0,847.0
900,"15,04,25",966,331,12,-73.0,850.0
899,"15,04,26",967,332,12,-74.0,844.0
901,"15,04,27",968,332,12,-71.0,848.0
902,"15,04,28",969,333,12,-72.0,844.0
903,"15,04,29",970,333,12,-71.0,849.0
906,"15,04,30",971,334,12,-71.0,848.0
904,"15,05,01",972,334,12,-73.0,847.0
905,"15,05,02",973,335,12,-72.0,844.0
907,"15,05,03",974,336,12,-73.0,842.0
908,"15,05,04",975,336,12,-73.0,843.0
909,"15,05,05",976,337,12,-75.0,842.0
910,"15,05,06",977,337,12,-75.0,841.0
913,"15,05,07",978,338,12,-73.0,842.0
912,"15,05,09",979,338,12,-79.0,841.0
911,"15,05,10",980,339,12,-73.0,840.0
914,"15,05,11",981,339,12,-73.0,841.0
917,"15,05,12",982,340,12,-74.0,840.0
916,"15,05,13",983,340,12,-76.0,840.0
915,"15,05,14",984,341,12,-74.0,840.0
918,"15,05,15",985,342,12,-78.0,840.0
919,"15,05,16",986,342,12,-74.0,840.0
920,"15,05,17",987,343,12,-74.0,839.0
922,"15,05,18",988,343,12,-75.0,840.0
921,"15,05,19",989,344,12,-74.0,841.0
923,"15,05,20",990,344,12,-76.0,839.0
926,"15,05,21",991,345,12,-73.0,840.0
924,"15,05,22",992,345,12,-73.0,842.0
927,"15,05,23",993,346,12,-73.0,840.0
925,"15,05,24",994,346,12,-79.0,842.0
929,"15,05,25",995,347,12,-74.0,842.0
928,"15,05,26",996,348,12,-72.0,842.0
930,"15,05,27",997,348,12,-74.0,843.0
931,"15,05,28",998,349,12,-73.0,842.0
932,"15,05,30",1000,350,12,-74.0,841.0
933,"15,05,31",1001,350,12,-79.0,843.0
936,"15,06,01",1002,351,12,-77.0,844.0
934,"15,06,02",1003,351,12,-74.0,843.0
935,"15,06,03",1004,352,12,-74.0,842.0
939,"15,06,04",1005,352,12,-75.0,843.0
941,"15,06,05",1006,353,12,-78.0,844.0
937,"15,06,06",1007,353,12,-79.0,845.0
940,"15,06,07",1008,354,12,-79.0,844.0
946,"15,06,08",1009,354,12,-75.0,845.0
947,"15,06,09",1010,355,12,-74.0,846.0
948,"15,06,10",1011,355,12,-78.0,845.0
949,"15,06,11",1012,356,12,-81.0,846.0
953,"15,06,12",1013,356,12,-80.0,846.0
950,"15,06,13",1014,357,12,-77.0,846.0
951,"15,06,14",1015,357,12,-75.0,847.0
952,"15,06,16",1016,358,12,-76.0,847.0
955,"15,06,17",1017,359,12,-78.0,850.0
956,"15,06,18",1018,359,12,-79.0,850.0
954,"15,06,19",1019,0,1,-81.0,849.0
938,"15,06,20",1020,0,1,-63.0,832.0
942,"15,06,21",1021,1,1,-76.0,850.0
944,"15,06,22",1022,1,1,-75.0,852.0
943,"15,06,23",1023,2,1,-76.0,851.0
945,"15,06,24",1024,2,1,-76.0,851.0
958,"15,06,25",1025,3,1,-74.0,851.0
957,"15,06,26",1026,3,1,-78.0,851.0
960,"15,06,28",1028,4,1,-75.0,853.0
959,"15,06,29",1029,5,1,-75.0,856.0
961,"15,06,30",1030,5,1,-77.0,855.0
963,"15,07,01",1031,6,1,-76.0,854.0
962,"15,07,02",1032,6,1,-74.0,854.0
965,"15,07,03",1033,7,1,-77.0,856.0
964,"15,07,04",1034,7,1,-76.0,859.0
966,"15,07,05",1035,8,1,-77.0,857.0
967,"15,07,06",1036,8,1,-76.0,856.0
968,"15,07,07",1037,9,1,-80.0,856.0
969,"15,07,08",1038,9,1,-76.0,858.0
970,"15,07,09",1039,10,1,-77.0,857.0
972,"15,07,10",1040,10,1,-77.0,858.0
971,"15,07,11",1041,11,1,-77.0,859.0
973,"15,07,12",1042,11,1,-76.0,859.0
974,"15,07,13",1043,12,1,-77.0,860.0
975,"15,07,14",1044,12,1,-79.0,860.0
978,"15,07,15",1045,13,1,-80.0,861.0
979,"15,07,16",1046,13,1,-77.0,862.0
977,"15,07,17",1047,14,1,-77.0,863.0
976,"15,07,18",1048,14,1,-78.0,864.0
980,"15,07,19",1049,15,1,-75.0,864.0
981,"15,07,20",1050,15,1,-76.0,863.0
983,"15,07,21",1051,16,1,-76.0,864.0
982,"15,07,23",1052,16,1,-78.0,865.0
984,"15,07,24",1053,17,1,-79.0,865.0
985,"15,07,25",1054,17,1,-77.0,867.0
987,"15,07,26",1055,17,1,-77.0,868.0
986,"15,07,27",1056,18,1,-76.0,868.0
988,"15,07,28",1057,18,1,-78.0,867.0
989,"15,07,29",1058,19,1,-78.0,868.0
990,"15,07,30",1059,19,1,-78.0,870.0
992,"15,07,31",1060,20,1,-78.0,870.0
993,"15,08,01",1061,20,1,-77.0,871.0
991,"15,08,02",1062,21,1,-77.0,871.0
994,"15,08,03",1063,21,1,-79.0,871.0
996,"15,08,04",1064,22,1,-77.0,871.0
995,"15,08,05",1065,22,1,-78.0,873.0
997,"15,08,06",1066,23,1,-78.0,875.0
998,"15,08,07",1067,23,1,-79.0,875.0
1000,"15,08,08",1068,24,1,-76.0,874.0
999,"15,08,09",1069,24,1,-77.0,876.0
1001,"15,08,10",1070,25,1,-80.0,877.0
1002,"15,08,11",1071,25,1,-78.0,878.0
1003,"15,08,12",1072,26,1,-78.0,879.0
1004,"15,08,13",1073,26,1,-82.0,879.0
1005,"15,08,14",1074,27,1,-77.0,878.0
1006,"15,08,15",1075,27,1,-77.0,879.0
1007,"15,08,16",1076,28,1,-81.0,880.0
1008,"15,08,17",1077,28,1,-79.0,880.0
1009,"15,08,18",1078,29,1,-80.0,881.0
1010,"15,08,19",1079,29,1,-80.0,882.0
1013,"15,08,20",1080,29,1,-77.0,882.0
1011,"15,08,21",1081,30,2,-77.0,882.0
1012,"15,08,22",1082,30,2,-79.0,882.0
1014,"15,08,23",1083,31,2,-80.0,883.0
1015,"15,08,24",1084,31,2,-78.0,885.0
1017,"15,08,25",1085,32,2,-79.0,886.0
1016,"15,08,26",1086,32,2,-77.0,885.0
1019,"15,08,27",1087,33,2,-78.0,885.0
1020,"15,08,29",1088,33,2,-77.0,885.0
1018,"15,08,30",1089,34,2,-76.0,885.0
1021,"15,08,31",1090,34,2,-78.0,886.0
1022,"15,09,01",1091,35,2,-77.0,886.0
1023,"15,09,02",1092,35,2,-79.0,886.0
1024,"15,09,03",1093,36,2,-77.0,887.0
1026,"15,09,04",1094,36,2,-80.0,888.0
1027,"15,09,05",1095,36,2,-79.0,888.0
1025,"15,09,06",1096,37,2,-79.0,888.0
1028,"15,09,07",1097,37,2,-78.0,889.0
1029,"15,09,08",1098,38,2,-77.0,890.0
1030,"15,09,09",1099,38,2,-78.0,891.0
1031,"15,09,10",1100,39,2,-79.0,890.0
1034,"15,09,11",1101,39,2,-80.0,891.0
1032,"15,09,12",1102,40,2,-84.0,892.0
1033,"15,09,13",1103,40,2,-81.0,893.0
1035,"15,09,14",1104,41,2,-79.0,893.0
1036,"15,09,15",1105,41,2,-78.0,892.0
1037,"15,09,16",1106,42,2,-82.0,893.0
1040,"15,09,17",1107,42,2,-79.0,893.0
1038,"15,09,18",1108,42,2,-78.0,895.0
1039,"15,09,19",1109,43,2,-82.0,895.0
1041,"15,09,20",1110,43,2,-81.0,895.0
1042,"15,09,21",1111,44,2,-79.0,896.0
1043,"15,09,22",1112,44,2,-80.0,895.0
1044,"15,09,23",1113,45,2,-79.0,895.0
1045,"15,09,24",1114,45,2,-79.0,896.0
1047,"15,09,25",1115,46,2,-80.0,897.0
1046,"15,09,26",1116,46,2,-79.0,898.0
1048,"15,09,27",1117,47,2,-79.0,898.0
1049,"15,09,28",1118,47,2,-80.0,898.0
1050,"15,09,29",1119,48,2,-81.0,899.0
1051,"15,09,30",1120,48,2,-80.0,900.0
1052,"15,10,01",1121,48,2,-81.0,901.0
1053,"15,10,02",1122,49,2,-79.0,901.0
1054,"15,10,03",1123,49,2,-79.0,900.0
1055,"15,10,04",1124,50,2,-80.0,900.0
1056,"15,10,06",1125,50,2,-79.0,900.0
1057,"15,10,07",1126,51,2,-79.0,901.0
1058,"15,10,08",1127,51,2,-80.0,901.0
1059,"15,10,09",1128,52,2,-79.0,902.0
1060,"15,10,10",1129,52,2,-80.0,902.0
1061,"15,10,11",1130,53,2,-81.0,902.0
1062,"15,10,12",1131,53,2,-81.0,902.0
1063,"15,10,13",1132,53,2,-82.0,902.0
1064,"15,10,14",1133,54,2,-82.0,902.0
1065,"15,10,15",1134,54,2,-80.0,902.0
1069,"15,10,16",1135,55,2,-81.0,901.0
1066,"15,10,17",1136,55,2,-82.0,901.0
1068,"15,10,18",1137,56,2,-81.0,901.0
1067,"15,10,19",1138,56,2,-82.0,901.0
1070,"15,10,20",1139,57,2,-80.0,901.0
1071,"15,10,21",1140,57,2,-81.0,901.0
1072,"15,10,22",1141,57,2,-82.0,902.0
1073,"15,10,23",1142,58,2,-82.0,902.0
1074,"15,10,24",1143,58,2,-82.0,901.0
1075,"15,10,25",1144,59,2,-82.0,902.0
1076,"15,10,26",1145,59,2,-82.0,903.0
1077,"15,10,27",1146,60,3,-82.0,902.0
1078,"15,10,28",1147,60,3,-80.0,901.0
1080,"15,10,29",1148,61,3,-80.0,901.0
1079,"15,10,30",1149,61,3,-81.0,902.0
1081,"15,10,31",1150,62,3,-82.0,902.0
1082,"15,11,01",1151,62,3,-82.0,901.0
1086,"15,11,02",1152,62,3,-80.0,901.0
1083,"15,11,03",1153,63,3,-82.0,900.0
1088,"15,11,04",1154,63,3,-84.0,900.0
1084,"15,11,05",1155,64,3,-84.0,900.0
1085,"15,11,06",1156,64,3,-84.0,900.0
1087,"15,11,07",1157,65,3,-82.0,900.0
1089,"15,11,08",1158,65,3,-82.0,898.0
1090,"15,11,09",1159,66,3,-82.0,898.0
1091,"15,11,10",1160,66,3,-80.0,899.0
1092,"15,11,12",1161,66,3,-83.0,898.0
1093,"15,11,13",1162,67,3,-84.0,897.0
1094,"15,11,14",1163,67,3,-86.0,896.0
1095,"15,11,15",1164,68,3,-86.0,896.0
1096,"15,11,16",1165,68,3,-84.0,897.0
1097,"15,11,17",1166,69,3,-84.0,895.0
1098,"15,11,18",1167,69,3,-84.0,894.0
1102,"15,11,19",1168,70,3,-84.0,894.0
1100,"15,11,20",1169,70,3,-89.0,894.0
1101,"15,11,21",1170,71,3,-85.0,893.0
1099,"15,11,22",1171,71,3,-87.0,892.0
1104,"15,11,23",1172,71,3,-87.0,892.0
1103,"15,11,24",1173,72,3,-87.0,892.0
1105,"15,11,25",1174,72,3,-85.0,891.0
1106,"15,11,26",1175,73,3,-85.0,890.0
1107,"15,11,27",1176,73,3,-84.0,890.0
1108,"15,11,28",1177,74,3,-84.0,888.0
1109,"15,11,29",1178,74,3,-86.0,888.0
1110,"15,11,30",1179,75,3,-85.0,887.0
1111,"15,12,01",1180,75,3,-86.0,886.0
1112,"15,12,02",1181,75,3,-86.0,885.0
1114,"15,12,03",1182,76,3,-85.0,884.0
1113,"15,12,04",1183,76,3,-86.0,883.0
1115,"15,12,05",1184,77,3,-85.0,882.0
1116,"15,12,06",1185,77,3,-84.0,881.0
1117,"15,12,07",1186,78,3,-86.0,881.0
1118,"15,12,08",1187,78,3,-84.0,881.0
1119,"15,12,09",1188,79,3,-90.0,881.0
1120,"15,12,10",1189,79,3,-87.0,879.0
1121,"15,12,11",1190,79,3,-87.0,877.0
1122,"15,12,12",1191,80,3,-87.0,876.0
1123,"15,12,13",1192,80,3,-86.0,876.0
1124,"15,12,14",1193,81,3,-84.0,875.0
1125,"15,12,15",1194,81,3,-84.0,873.0
1126,"15,12,16",1195,82,3,-86.0,872.0
1129,"15,12,17",1196,82,3,-86.0,871.0
1127,"15,12,18",1197,83,3,-85.0,869.0
1128,"15,12,20",1198,83,3,-86.0,868.0
1130,"15,12,21",1199,84,3,-86.0,868.0
1131,"15,12,22",1200,84,3,-84.0,866.0
1132,"15,12,23",1201,84,3,-85.0,866.0
1133,"15,12,24",1202,85,3,-85.0,864.0
1136,"15,12,25",1203,85,3,-85.0,863.0
1135,"15,12,26",1204,86,3,-84.0,862.0
1134,"15,12,27",1205,86,3,-86.0,861.0
1137,"15,12,28",1206,87,3,-85.0,859.0
1138,"15,12,29",1207,87,3,-85.0,858.0
1139,"15,12,30",1208,88,3,-85.0,857.0
1141,"15,12,31",1209,88,3,-85.0,855.0
1140,"16,01,01",1210,88,3,-85.0,854.0
1142,"16,01,02",1211,89,3,-83.0,853.0
1143,"16,01,03",1212,89,3,-86.0,851.0
1145,"16,01,04",1213,90,4,-84.0,851.0
1144,"16,01,05",1214,90,4,-85.0,849.0
1146,"16,01,06",1215,91,4,-85.0,848.0
1147,"16,01,07",1216,91,4,-86.0,847.0
1148,"16,01,08",1217,92,4,-88.0,846.0
1149,"16,01,09",1218,92,4,-86.0,845.0
1150,"16,01,10",1219,93,4,-87.0,844.0
1151,"16,01,11",1220,93,4,-87.0,842.0
1152,"16,01,12",1221,93,4,-87.0,841.0
1153,"16,01,13",1222,94,4,-87.0,840.0
1155,"16,01,14",1223,94,4,-88.0,839.0
1154,"16,01,15",1224,95,4,-88.0,837.0
1156,"16,01,16",1225,95,4,-87.0,836.0
1157,"16,01,17",1226,96,4,-87.0,835.0
1158,"16,01,18",1227,96,4,-88.0,833.0
1159,"16,01,19",1228,97,4,-88.0,832.0
1160,"16,01,20",1229,97,4,-88.0,831.0
1161,"16,01,21",1230,98,4,-88.0,830.0
1162,"16,01,22",1231,98,4,-88.0,828.0
1163,"16,01,23",1232,99,4,-88.0,827.0
1164,"16,01,24",1233,99,4,-88.0,826.0
1166,"16,01,26",1234,99,4,-88.0,824.0
1165,"16,01,27",1235,100,4,-88.0,824.0
1170,"16,01,28",1236,100,4,-87.0,822.0
1169,"16,01,29",1237,101,4,-88.0,820.0
1167,"16,01,30",1238,101,4,-87.0,819.0
1168,"16,01,31",1239,102,4,-89.0,818.0
1171,"16,02,01",1240,102,4,-87.0,816.0
1172,"16,02,02",1241,103,4,-87.0,816.0
1173,"16,02,03",1242,103,4,-87.0,815.0
1174,"16,02,04",1243,104,4,-86.0,814.0
1175,"16,02,05",1244,104,4,-85.0,812.0
1176,"16,02,06",1245,105,4,-86.0,811.0
1178,"16,02,07",1246,105,4,-85.0,810.0
1177,"16,02,08",1247,105,4,-85.0,809.0
1179,"16,02,09",1248,106,4,-86.0,807.0
1180,"16,02,10",1249,106,4,-85.0,806.0
1182,"16,02,11",1250,107,4,-85.0,804.0
1185,"16,02,12",1251,107,4,-85.0,803.0
1184,"16,02,13",1252,108,4,-85.0,802.0
1181,"16,02,14",1253,108,4,-85.0,800.0
1183,"16,02,15",1254,109,4,-84.0,799.0
1187,"16,02,16",1255,109,4,-84.0,798.0
1186,"16,02,17",1256,110,4,-84.0,797.0
1188,"16,02,18",1257,110,4,-84.0,794.0
1189,"16,02,19",1258,111,4,-83.0,794.0
1190,"16,02,20",1259,111,4,-84.0,794.0
1191,"16,02,21",1260,112,4,-83.0,792.0
1192,"16,02,22",1261,112,4,-81.0,790.0
1193,"16,02,23",1262,112,4,-81.0,790.0
1194,"16,02,24",1263,113,4,-84.0,788.0
1195,"16,02,25",1264,113,4,-84.0,787.0
1197,"16,02,26",1265,114,4,-81.0,787.0
1196,"16,02,27",1266,114,4,-82.0,787.0
1198,"16,02,28",1267,115,4,-83.0,786.0
1199,"16,02,29",1268,115,4,-83.0,784.0
1201,"16,03,01",1269,116,4,-83.0,782.0
1200,"16,03,03",1270,116,4,-82.0,782.0
1202,"16,03,04",1271,117,4,-84.0,781.0
1203,"16,03,05",1272,117,4,-81.0,780.0
1204,"16,03,06",1273,118,4,-79.0,778.0
1205,"16,03,07",1274,118,4,-82.0,777.0
1206,"16,03,08",1275,119,4,-82.0,775.0
1207,"16,03,09",1276,119,4,-83.0,774.0
1208,"16,03,10",1277,120,5,-84.0,774.0
1210,"16,03,11",1278,120,5,-83.0,773.0
1209,"16,03,12",1279,121,5,-83.0,772.0
1211,"16,03,13",1280,121,5,-84.0,771.0
1212,"16,03,14",1281,122,5,-83.0,769.0
1213,"16,03,15",1282,122,5,-81.0,768.0
1214,"16,03,16",1283,123,5,-82.0,767.0
1216,"16,03,17",1284,123,5,-80.0,767.0
1217,"16,03,18",1285,123,5,-80.0,766.0
1215,"16,03,19",1286,124,5,-80.0,765.0
1218,"16,03,20",1287,124,5,-80.0,764.0
1219,"16,03,21",1288,125,5,-80.0,763.0
1220,"16,03,24",1291,126,5,-80.0,760.0
1222,"16,03,25",1292,127,5,-81.0,760.0
1221,"16,03,26",1293,127,5,-81.0,758.0
1223,"16,03,27",1294,128,5,-79.0,758.0
1224,"16,03,28",1295,128,5,-79.0,757.0
1226,"16,03,29",1296,129,5,-79.0,756.0
1225,"16,03,30",1297,129,5,-80.0,755.0
1229,"16,03,31",1298,130,5,-79.0,755.0
1228,"16,04,01",1299,130,5,-80.0,753.0
1227,"16,04,02",1300,131,5,-79.0,752.0
1230,"16,04,03",1301,131,5,-78.0,752.0
1231,"16,04,04",1302,132,5,-80.0,751.0
1232,"16,04,05",1303,132,5,-78.0,751.0
1233,"16,04,06",1304,133,5,-80.0,750.0
1235,"16,04,07",1305,133,5,-80.0,749.0
1234,"16,04,08",1306,134,5,-79.0,748.0
1236,"16,04,10",1307,134,5,-80.0,748.0
1237,"16,04,11",1308,135,5,-81.0,748.0
1238,"16,04,12",1309,135,5,-81.0,747.0
1239,"16,04,13",1310,136,5,-76.0,745.0
1240,"16,04,14",1311,136,5,-78.0,745.0
1243,"16,04,15",1312,137,5,-77.0,745.0
1241,"16,04,16",1313,137,5,-77.0,745.0
1242,"16,04,17",1314,138,5,-78.0,744.0
1244,"16,04,18",1315,138,5,-77.0,744.0
1245,"16,04,19",1316,139,5,-80.0,744.0
1246,"16,04,20",1317,139,5,-80.0,743.0
1247,"16,04,21",1318,140,5,-80.0,743.0
1248,"16,04,22",1319,140,5,-78.0,742.0
1250,"16,04,23",1320,141,5,-77.0,741.0
1249,"16,04,24",1321,141,5,-77.0,740.0
1251,"16,04,25",1322,142,5,-78.0,740.0
1252,"16,04,26",1323,142,5,-77.0,738.0
1253,"16,04,27",1324,143,5,-78.0,738.0
1256,"16,04,28",1325,144,5,-78.0,738.0
1254,"16,04,29",1326,144,5,-77.0,738.0
1255,"16,04,30",1327,145,5,-76.0,736.0
1257,"16,05,01",1328,145,5,-77.0,735.0
1258,"16,05,02",1329,146,5,-74.0,735.0
1259,"16,05,03",1330,146,5,-78.0,734.0
1260,"16,05,04",1331,147,5,-76.0,734.0
1262,"16,05,05",1332,147,5,-78.0,734.0
1263,"16,05,06",1333,148,5,-76.0,733.0
1261,"16,05,07",1334,148,5,-77.0,732.0
1264,"16,05,08",1335,149,5,-77.0,732.0
1265,"16,05,09",1336,149,5,-75.0,732.0
1266,"16,05,10",1337,150,6,-76.0,734.0
1267,"16,05,11",1338,150,6,-75.0,734.0
1268,"16,05,12",1339,151,6,-77.0,733.0
1269,"16,05,13",1340,151,6,-76.0,734.0
1270,"16,05,14",1341,152,6,-76.0,735.0
1271,"16,05,15",1342,152,6,-80.0,735.0
1272,"16,05,17",1343,153,6,-74.0,735.0
1273,"16,05,18",1344,153,6,-75.0,734.0
1276,"16,05,19",1345,154,6,-75.0,735.0
1274,"16,05,20",1346,155,6,-75.0,737.0
1277,"16,05,21",1347,155,6,-75.0,736.0
1275,"16,05,22",1348,156,6,-76.0,735.0
1278,"16,05,23",1349,156,6,-73.0,737.0
1279,"16,05,24",1350,157,6,-73.0,738.0
1280,"16,05,25",1351,157,6,-72.0,739.0
1283,"16,05,26",1352,158,6,-73.0,736.0
1281,"16,05,27",1353,158,6,-76.0,737.0
1282,"16,05,28",1354,159,6,-75.0,739.0
1284,"16,05,29",1355,159,6,-75.0,740.0
1286,"16,05,30",1356,160,6,-74.0,739.0
1285,"16,05,31",1357,160,6,-72.0,738.0
1287,"16,06,01",1358,161,6,-74.0,738.0
1288,"16,06,02",1359,162,6,-76.0,739.0
1289,"16,06,03",1360,162,6,-76.0,739.0
1290,"16,06,04",1361,163,6,-75.0,739.0
1291,"16,06,05",1362,163,6,-74.0,739.0
1292,"16,06,06",1363,164,6,-75.0,740.0
1293,"16,06,07",1364,164,6,-74.0,740.0
1294,"16,06,08",1365,165,6,-74.0,739.0
1295,"16,06,09",1366,165,6,-75.0,740.0
1296,"16,06,10",1367,166,6,-74.0,743.0
1297,"16,06,11",1368,167,6,-74.0,743.0
1299,"16,06,12",1369,167,6,-73.0,742.0
1298,"16,06,13",1370,168,6,-74.0,744.0
1301,"16,06,14",1371,168,6,-75.0,746.0
1300,"16,06,15",1372,169,6,-74.0,745.0
1303,"16,06,16",1373,169,6,-74.0,746.0
1302,"16,06,17",1374,170,6,-75.0,748.0
1304,"16,06,18",1375,170,6,-73.0,749.0
1305,"16,06,19",1376,171,6,-75.0,749.0
1306,"16,06,20",1377,172,6,-76.0,749.0
1308,"16,06,21",1378,172,6,-76.0,751.0
1307,"16,06,23",1379,173,6,-77.0,751.0
1311,"16,06,24",1380,173,6,-74.0,751.0
1309,"16,06,25",1381,174,6,-73.0,751.0
1310,"16,06,26",1382,174,6,-76.0,752.0
1312,"16,06,27",1383,175,6,-73.0,752.0
1313,"16,06,28",1384,176,6,-74.0,753.0
1314,"16,06,29",1385,176,6,-75.0,755.0
1315,"16,06,30",1386,177,6,-74.0,755.0
1316,"16,07,01",1387,177,6,-74.0,755.0
1317,"16,07,02",1388,178,6,-73.0,756.0
1318,"16,07,12",1398,184,7,-66.0,751.0
1319,"16,07,13",1399,184,7,-73.0,770.0
1322,"16,07,14",1400,185,7,-73.0,770.0
1321,"16,07,15",1401,185,7,-73.0,770.0
1320,"16,07,16",1402,186,7,-75.0,771.0
1323,"16,07,17",1403,187,7,-75.0,771.0
1324,"16,07,18",1404,187,7,-75.0,774.0
1325,"16,07,19",1405,188,7,-75.0,775.0
1328,"16,07,20",1406,188,7,-76.0,775.0
1329,"16,07,21",1407,189,7,-74.0,779.0
1327,"16,07,22",1408,190,7,-75.0,779.0
1326,"16,07,23",1409,190,7,-74.0,781.0
1330,"16,07,24",1410,191,7,-72.0,782.0
1331,"16,07,25",1411,191,7,-72.0,782.0
1333,"16,07,26",1412,192,7,-78.0,784.0
1332,"16,07,27",1413,193,7,-72.0,784.0
1336,"16,07,28",1414,193,7,-73.0,785.0
1334,"16,07,29",1415,194,7,-72.0,787.0
1335,"16,07,31",1416,194,7,-72.0,791.0
1337,"16,08,01",1417,195,7,-70.0,791.0
1338,"16,08,02",1418,196,7,-73.0,793.0
1339,"16,08,03",1419,196,7,-73.0,793.0
1340,"16,08,04",1420,197,7,-71.0,793.0
1343,"16,08,05",1421,197,7,-72.0,797.0
1342,"16,08,06",1422,198,7,-72.0,798.0
1341,"16,08,07",1423,199,7,-71.0,800.0
1344,"16,08,08",1424,199,7,-72.0,803.0
1345,"16,08,09",1425,200,7,-72.0,804.0
1346,"16,08,10",1426,200,7,-71.0,803.0
1347,"16,08,11",1427,201,7,-72.0,807.0
1348,"16,08,12",1428,202,7,-72.0,808.0
1349,"16,08,13",1429,202,7,-70.0,810.0
1351,"16,08,14",1430,203,7,-69.0,810.0
1350,"16,08,15",1431,204,7,-69.0,811.0
1352,"16,08,16",1432,204,7,-71.0,813.0
1353,"16,08,17",1433,205,7,-70.0,818.0
1356,"16,08,18",1434,205,7,-70.0,818.0
1355,"16,08,19",1435,206,7,-71.0,823.0
1354,"16,08,20",1436,207,7,-72.0,825.0
1357,"16,08,21",1437,207,7,-71.0,821.0
1358,"16,08,22",1438,208,7,-68.0,823.0
1360,"16,08,23",1439,208,7,-71.0,828.0
1359,"16,08,24",1440,209,7,-70.0,828.0
1361,"16,08,25",1441,210,8,-74.0,828.0
1362,"16,08,26",1442,210,8,-68.0,829.0
1363,"16,08,27",1443,211,8,-69.0,831.0
1364,"16,08,28",1444,212,8,-69.0,833.0
1365,"16,08,29",1445,212,8,-69.0,836.0
1366,"16,08,30",1446,213,8,-70.0,841.0
1367,"16,08,31",1447,214,8,-74.0,841.0
1369,"16,09,01",1448,214,8,-69.0,841.0
1368,"16,09,02",1449,215,8,-71.0,841.0
1370,"16,09,03",1450,215,8,-69.0,842.0
1371,"16,09,04",1451,216,8,-71.0,842.0
1373,"16,09,06",1452,217,8,-74.0,845.0
1372,"16,09,07",1453,217,8,-73.0,850.0
1374,"16,09,08",1454,218,8,-69.0,854.0
1377,"16,09,09",1455,219,8,-70.0,858.0
1376,"16,09,10",1456,219,8,-69.0,859.0
1375,"16,09,11",1457,220,8,-69.0,860.0
1378,"16,09,12",1458,220,8,-69.0,859.0
1379,"16,09,13",1459,221,8,-71.0,861.0
1380,"16,09,14",1460,222,8,-70.0,865.0
1382,"16,09,15",1461,222,8,-69.0,870.0
1381,"16,09,16",1462,223,8,-68.0,871.0
1383,"16,09,17",1463,224,8,-68.0,871.0
1384,"16,09,18",1464,224,8,-71.0,871.0
1385,"16,09,19",1465,225,8,-68.0,870.0
1386,"16,09,20",1466,226,8,-67.0,873.0
1387,"16,09,21",1467,226,8,-69.0,877.0
1388,"16,09,22",1468,227,8,-70.0,879.0
1389,"16,09,23",1469,228,8,-72.0,881.0
1391,"16,09,24",1470,228,8,-70.0,879.0
1392,"16,09,25",1471,229,8,-71.0,880.0
1390,"16,09,26",1472,229,8,-68.0,879.0
1393,"16,09,27",1473,230,8,-67.0,881.0
1394,"16,09,28",1474,231,8,-68.0,889.0
1396,"16,09,29",1475,231,8,-72.0,890.0
1395,"16,09,30",1476,232,8,-69.0,888.0
1397,"16,10,01",1477,233,8,-72.0,888.0
1399,"16,10,02",1478,233,8,-68.0,887.0
1398,"16,10,03",1479,234,8,-66.0,890.0
1400,"16,10,04",1480,235,8,-68.0,893.0
1401,"16,10,05",1481,235,8,-70.0,893.0
1403,"16,10,06",1482,236,8,-68.0,893.0
1402,"16,10,07",1483,237,8,-68.0,892.0
1404,"16,10,08",1484,237,8,-68.0,895.0
1405,"16,10,09",1485,238,8,-71.0,899.0
1406,"16,10,10",1486,239,8,-71.0,901.0
1407,"16,10,11",1487,239,8,-68.0,901.0
1408,"16,10,12",1488,240,9,-69.0,902.0
1410,"16,10,14",1489,240,9,-68.0,903.0
1411,"16,10,15",1490,241,9,-66.0,904.0
1409,"16,10,16",1491,242,9,-69.0,906.0
1412,"16,10,17",1492,242,9,-68.0,910.0
1413,"16,10,18",1493,243,9,-70.0,905.0
1414,"16,10,19",1494,244,9,-70.0,904.0
1416,"16,10,20",1495,244,9,-71.0,903.0
1415,"16,10,21",1496,245,9,-72.0,906.0
1417,"16,10,22",1497,246,9,-68.0,909.0
1418,"16,10,23",1498,246,9,-68.0,907.0
1419,"16,10,24",1499,247,9,-69.0,903.0
1420,"16,10,25",1500,248,9,-70.0,903.0
1421,"16,10,26",1501,248,9,-69.0,903.0
1422,"16,10,27",1502,249,9,-69.0,907.0
1424,"16,10,28",1503,250,9,-70.0,909.0
1423,"16,10,29",1504,250,9,-69.0,910.0
1425,"16,10,30",1505,251,9,-69.0,906.0
1426,"16,10,31",1506,252,9,-71.0,907.0
1427,"16,11,01",1507,252,9,-70.0,907.0
1428,"16,11,02",1508,253,9,-70.0,907.0
1430,"16,11,03",1509,254,9,-70.0,910.0
1431,"16,11,04",1510,254,9,-70.0,908.0
1429,"16,11,05",1511,255,9,-77.0,908.0
1432,"16,11,06",1512,255,9,-78.0,906.0
1433,"16,11,07",1513,256,9,-74.0,907.0
1434,"16,11,08",1514,257,9,-73.0,906.0
1435,"16,11,09",1515,257,9,-76.0,906.0
1436,"16,11,10",1516,258,9,-71.0,909.0
1437,"16,11,11",1517,259,9,-76.0,911.0
1438,"16,11,12",1518,259,9,-78.0,909.0
1440,"16,11,13",1519,260,9,-72.0,906.0
1439,"16,11,14",1520,261,9,-73.0,905.0
1441,"16,11,15",1521,261,9,-71.0,905.0
1442,"16,11,16",1522,262,9,-71.0,905.0
1443,"16,11,17",1523,263,9,-77.0,905.0
1444,"16,11,18",1524,263,9,-76.0,904.0
1445,"16,11,20",1525,264,9,-74.0,902.0
1446,"16,11,21",1526,265,9,-72.0,900.0
1449,"16,11,22",1527,265,9,-71.0,900.0
1450,"16,11,23",1528,266,9,-72.0,898.0
1451,"16,11,24",1529,267,9,-73.0,900.0
1452,"16,11,25",1530,267,9,-71.0,899.0
1447,"16,11,26",1531,268,9,-76.0,900.0
1448,"16,11,27",1532,268,9,-72.0,900.0
1453,"16,11,28",1533,269,9,-72.0,896.0
1454,"16,11,29",1534,270,10,-73.0,898.0
1455,"16,11,30",1535,270,10,-73.0,900.0
1456,"16,12,01",1536,271,10,-71.0,901.0
1458,"16,12,02",1537,272,10,-74.0,900.0
1457,"16,12,03",1538,272,10,-73.0,898.0
1459,"16,12,04",1539,273,10,-74.0,896.0
1460,"16,12,05",1540,274,10,-72.0,896.0
1461,"16,12,06",1541,274,10,-76.0,895.0
1462,"16,12,07",1542,275,10,-73.0,895.0
1464,"16,12,08",1543,276,10,-74.0,896.0
1463,"16,12,09",1544,276,10,-71.0,894.0
1465,"16,12,10",1545,277,10,-73.0,891.0
1467,"16,12,11",1546,277,10,-73.0,889.0
1466,"16,12,12",1547,278,10,-75.0,887.0
1468,"16,12,13",1548,279,10,-76.0,887.0
1469,"16,12,14",1549,279,10,-76.0,887.0
1472,"16,12,15",1550,280,10,-71.0,888.0
1471,"16,12,16",1551,281,10,-71.0,886.0
1470,"16,12,17",1552,281,10,-74.0,886.0
1474,"16,12,18",1553,282,10,-77.0,884.0
1473,"16,12,19",1554,283,10,-70.0,882.0
1477,"16,12,20",1555,283,10,-71.0,883.0
1478,"16,12,21",1556,284,10,-72.0,883.0
1475,"16,12,22",1557,284,10,-70.0,883.0
1476,"16,12,23",1558,285,10,-72.0,880.0
1484,"16,12,24",1559,286,10,-76.0,879.0
1482,"16,12,25",1560,286,10,-76.0,877.0
1485,"16,12,27",1561,287,10,-77.0,877.0
1479,"16,12,28",1562,288,10,-73.0,877.0
1483,"16,12,29",1563,288,10,-75.0,879.0
1481,"16,12,30",1564,289,10,-70.0,877.0
1480,"16,12,31",1565,290,10,-72.0,874.0
1487,"17,01,01",1566,290,10,-76.0,876.0
1486,"17,01,02",1567,291,10,-70.0,872.0
1488,"17,01,03",1568,291,10,-71.0,876.0
1492,"17,01,04",1569,292,10,-70.0,873.0
1491,"17,01,05",1570,293,10,-71.0,873.0
1490,"17,01,06",1571,293,10,-70.0,873.0
1489,"17,01,07",1572,294,10,-81.0,869.0
1493,"17,01,08",1573,295,10,-74.0,872.0
1495,"17,01,09",1574,295,10,-72.0,868.0
1494,"17,01,10",1575,296,10,-73.0,871.0
1496,"17,01,11",1576,296,10,-72.0,869.0
1498,"17,01,12",1577,297,10,-72.0,866.0
1499,"17,01,13",1578,298,10,-74.0,868.0
1500,"17,01,14",1579,298,10,-73.0,862.0
1497,"17,01,15",1580,299,10,-72.0,867.0
1501,"17,01,16",1581,299,10,-72.0,862.0
1503,"17,01,17",1582,300,11,-74.0,862.0
1502,"17,01,18",1583,301,11,-75.0,862.0
1505,"17,01,19",1584,301,11,-77.0,860.0
1506,"17,01,20",1585,302,11,-76.0,864.0
1504,"17,01,21",1586,303,11,-72.0,858.0
1508,"17,01,22",1587,303,11,-73.0,860.0
1507,"17,01,23",1588,304,11,-72.0,858.0
1510,"17,01,24",1589,304,11,-72.0,857.0
1509,"17,01,25",1590,305,11,-76.0,860.0
1512,"17,01,26",1591,306,11,-73.0,852.0
1511,"17,01,27",1592,306,11,-71.0,857.0
1513,"17,01,28",1593,307,11,-72.0,852.0
1514,"17,01,29",1594,307,11,-74.0,855.0
1515,"17,01,30",1595,308,11,-71.0,855.0
1516,"17,01,31",1596,309,11,-74.0,850.0
1517,"17,02,01",1597,309,11,-73.0,855.0
1519,"17,02,03",1598,310,11,-70.0,849.0
1518,"17,02,04",1599,310,11,-72.0,853.0
1520,"17,02,05",1600,311,11,-71.0,850.0
1522,"17,02,06",1601,312,11,-71.0,853.0
1521,"17,02,07",1602,312,11,-77.0,852.0
1523,"17,02,08",1603,313,11,-76.0,847.0
1524,"17,02,09",1604,313,11,-77.0,850.0
1526,"17,02,10",1605,314,11,-73.0,846.0
1525,"17,02,11",1606,315,11,-75.0,850.0
1528,"17,02,12",1607,315,11,-77.0,846.0
1527,"17,02,13",1608,316,11,-72.0,847.0
1529,"17,02,14",1609,316,11,-71.0,847.0
1534,"17,02,18",1613,319,11,-72.0,846.0
1533,"17,02,19",1614,319,11,-73.0,837.0
1536,"17,02,20",1615,320,11,-73.0,842.0
1535,"17,02,21",1616,320,11,-73.0,848.0
1537,"17,02,22",1617,321,11,-72.0,840.0
1540,"17,02,23",1618,322,11,-71.0,845.0
1538,"17,02,24",1619,322,11,-73.0,841.0
1539,"17,02,25",1620,323,11,-70.0,844.0
1541,"17,02,26",1621,323,11,-73.0,842.0
1542,"17,02,27",1622,324,11,-71.0,841.0
1544,"17,02,28",1623,324,11,-71.0,840.0
1543,"17,03,01",1624,325,11,-72.0,837.0
1546,"17,03,02",1625,326,11,-71.0,839.0
1545,"17,03,03",1626,326,11,-71.0,839.0
1547,"17,03,04",1627,327,11,-72.0,838.0
1549,"17,03,05",1628,327,11,-71.0,839.0
1548,"17,03,06",1629,328,11,-74.0,837.0
1551,"17,03,07",1630,328,11,-77.0,838.0
1550,"17,03,08",1631,329,11,-77.0,837.0
1552,"17,03,09",1632,330,12,-72.0,836.0
1554,"17,03,10",1633,330,12,-75.0,834.0
1553,"17,03,12",1634,331,12,-72.0,834.0
1555,"17,03,13",1635,331,12,-73.0,833.0
1556,"17,03,14",1636,332,12,-72.0,834.0
1557,"17,03,15",1637,332,12,-73.0,833.0
1559,"17,03,16",1638,333,12,-73.0,833.0
1558,"17,03,17",1639,334,12,-71.0,832.0
1561,"17,03,18",1640,334,12,-72.0,832.0
1560,"17,03,19",1641,335,12,-72.0,831.0
1564,"17,03,20",1642,335,12,-72.0,829.0
1563,"17,03,21",1643,336,12,-74.0,832.0
1562,"17,03,22",1644,336,12,-74.0,832.0
1567,"17,03,23",1645,337,12,-74.0,832.0
1565,"17,03,24",1646,337,12,-74.0,831.0
1566,"17,03,25",1647,338,12,-73.0,831.0
1568,"17,03,26",1648,339,12,-73.0,830.0
1569,"17,03,27",1649,339,12,-74.0,830.0
1570,"17,03,28",1650,340,12,-75.0,833.0
1571,"17,03,29",1651,340,12,-77.0,833.0
1572,"17,03,30",1652,341,12,-76.0,834.0
1573,"17,03,31",1653,341,12,-75.0,833.0
1575,"17,04,01",1654,342,12,-75.0,829.0
1574,"17,04,02",1655,342,12,-76.0,831.0
1576,"17,04,03",1656,343,12,-75.0,832.0
1578,"17,04,04",1657,343,12,-75.0,836.0
1577,"17,04,05",1658,344,12,-77.0,835.0
1579,"17,04,06",1659,345,12,-77.0,832.0
1581,"17,04,07",1660,345,12,-74.0,832.0
1580,"17,04,08",1661,346,12,-75.0,831.0
1583,"17,04,09",1662,346,12,-75.0,831.0
1584,"17,04,10",1663,347,12,-74.0,832.0
1586,"17,04,11",1664,347,12,-74.0,832.0
1585,"17,04,12",1665,348,12,-76.0,833.0
1582,"17,04,13",1666,348,12,-76.0,834.0
1588,"17,04,14",1667,349,12,-76.0,833.0
1587,"17,04,15",1668,349,12,-77.0,831.0
1589,"17,04,16",1669,350,12,-74.0,833.0
1590,"17,04,18",1670,350,12,-76.0,834.0
1591,"17,04,19",1671,351,12,-76.0,832.0
1592,"17,04,20",1672,351,12,-74.0,833.0
1594,"17,04,21",1673,352,12,-75.0,836.0
1593,"17,04,22",1674,352,12,-75.0,835.0
1595,"17,04,23",1675,353,12,-75.0,835.0
1596,"17,04,24",1676,354,12,-76.0,837.0
1597,"17,04,25",1677,354,12,-74.0,835.0
1598,"17,04,26",1678,355,12,-74.0,836.0
1599,"17,04,27",1679,355,12,-75.0,836.0
1601,"17,04,28",1680,356,12,-74.0,835.0
1602,"17,04,29",1681,356,12,-74.0,837.0
1603,"17,04,30",1682,357,12,-76.0,839.0
1600,"17,05,01",1683,357,12,-75.0,837.0
1604,"17,05,02",1684,358,12,-75.0,837.0
1605,"17,05,03",1685,358,12,-77.0,838.0
1607,"17,05,04",1686,359,12,-75.0,838.0
1608,"17,05,05",1687,359,12,-75.0,838.0
1606,"17,05,06",1688,0,1,-76.0,840.0
1610,"17,05,07",1689,0,1,-75.0,840.0
1609,"17,05,08",1690,1,1,-76.0,840.0
1614,"17,05,10",1692,2,1,-62.0,820.0
1612,"17,05,11",1693,2,1,-76.0,840.0
1613,"17,05,12",1694,3,1,-76.0,840.0
1611,"17,05,13",1695,3,1,-77.0,840.0
1615,"17,05,14",1696,4,1,-75.0,841.0
1616,"17,05,15",1697,4,1,-77.0,841.0
1618,"17,05,16",1698,5,1,-77.0,842.0
1617,"17,05,17",1699,5,1,-76.0,843.0
1619,"17,05,18",1700,6,1,-76.0,842.0
1620,"17,05,19",1701,6,1,-76.0,841.0
1621,"17,05,20",1702,7,1,-75.0,842.0
1622,"17,05,21",1703,7,1,-76.0,843.0
1625,"17,05,22",1704,8,1,-77.0,844.0
1623,"17,05,23",1705,8,1,-76.0,845.0
1624,"17,05,24",1706,9,1,-77.0,845.0
1627,"17,05,26",1707,9,1,-77.0,846.0
1626,"17,05,27",1708,10,1,-76.0,846.0
1628,"17,05,28",1709,10,1,-76.0,847.0
1629,"17,05,29",1710,11,1,-76.0,848.0
1631,"17,05,30",1711,11,1,-75.0,848.0
1630,"17,05,31",1712,12,1,-77.0,849.0
1635,"17,06,01",1713,12,1,-75.0,850.0
1633,"17,06,02",1714,13,1,-77.0,849.0
1634,"17,06,03",1715,13,1,-77.0,851.0
1632,"17,06,04",1716,14,1,-76.0,850.0
1636,"17,06,05",1717,14,1,-76.0,851.0
1637,"17,06,06",1718,15,1,-77.0,852.0
1639,"17,06,07",1719,15,1,-77.0,853.0
1638,"17,06,08",1720,16,1,-76.0,853.0
1641,"17,06,09",1721,16,1,-76.0,852.0
1640,"17,06,10",1722,17,1,-77.0,854.0
1642,"17,06,11",1723,17,1,-76.0,854.0
1643,"17,06,12",1724,18,1,-77.0,856.0
1644,"17,06,13",1725,18,1,-79.0,857.0
1645,"17,06,14",1726,19,1,-76.0,855.0
1647,"17,06,15",1727,19,1,-75.0,855.0
1648,"17,06,16",1728,20,1,-76.0,855.0
1646,"17,06,17",1729,20,1,-76.0,858.0
1650,"17,06,18",1730,21,1,-77.0,858.0
1649,"17,06,19",1731,21,1,-78.0,857.0
1651,"17,06,20",1732,22,1,-78.0,858.0
1652,"17,06,21",1733,22,1,-77.0,859.0
1655,"17,06,22",1734,23,1,-78.0,859.0
1653,"17,06,23",1735,23,1,-78.0,861.0
1654,"17,06,24",1736,23,1,-77.0,860.0
1656,"17,06,25",1737,24,1,-78.0,861.0
1657,"17,06,26",1738,24,1,-78.0,861.0
1658,"17,06,27",1739,25,1,-77.0,861.0
1662,"17,06,28",1740,25,1,-78.0,861.0
1659,"17,06,29",1741,26,1,-78.0,863.0
1661,"17,06,30",1742,26,1,-77.0,865.0
1660,"17,07,02",1743,27,1,-78.0,863.0
1663,"17,07,03",1744,27,1,-78.0,863.0
1664,"17,07,04",1745,28,1,-78.0,865.0
1665,"17,07,05",1746,28,1,-76.0,866.0
1666,"17,07,06",1747,29,1,-79.0,866.0
1668,"17,07,07",1748,29,1,-79.0,867.0
1667,"17,07,08",1749,30,2,-76.0,867.0
1669,"17,07,09",1750,30,2,-77.0,867.0
1670,"17,07,10",1751,31,2,-78.0,867.0
1671,"17,07,11",1752,31,2,-80.0,867.0
1672,"17,07,12",1753,32,2,-76.0,868.0
1673,"17,07,13",1754,32,2,-78.0,870.0
1674,"17,07,14",1755,32,2,-77.0,870.0
1675,"17,07,15",1756,33,2,-78.0,871.0
1676,"17,07,16",1757,33,2,-78.0,871.0
1677,"17,07,17",1758,34,2,-78.0,871.0
1678,"17,07,18",1759,34,2,-77.0,871.0
1679,"17,07,19",1760,35,2,-78.0,872.0
1684,"17,07,20",1761,35,2,-77.0,872.0
1687,"17,07,21",1762,36,2,-77.0,872.0
1680,"17,07,22",1763,36,2,-78.0,873.0
1682,"17,07,23",1764,37,2,-79.0,872.0
1690,"17,07,24",1765,37,2,-77.0,873.0
1688,"17,07,25",1766,38,2,-79.0,873.0
1691,"17,07,26",1767,38,2,-77.0,874.0
1683,"17,07,27",1768,39,2,-78.0,875.0
1689,"17,07,28",1769,39,2,-76.0,875.0
1686,"17,07,29",1770,39,2,-79.0,875.0
1692,"17,07,30",1771,40,2,-79.0,876.0
1681,"17,07,31",1772,40,2,-78.0,876.0
1685,"17,08,01",1773,41,2,-78.0,876.0
1693,"17,08,02",1774,41,2,-79.0,877.0
1694,"17,08,03",1775,42,2,-80.0,877.0
1696,"17,08,04",1776,42,2,-79.0,877.0
1695,"17,08,05",1777,43,2,-79.0,877.0
1697,"17,08,06",1778,43,2,-81.0,877.0
1698,"17,08,07",1779,44,2,-78.0,878.0
1699,"17,08,09",1780,44,2,-77.0,879.0
1700,"17,08,10",1781,45,2,-78.0,879.0
1701,"17,08,11",1782,45,2,-78.0,878.0
1703,"17,08,12",1783,45,2,-79.0,879.0
1702,"17,08,13",1784,46,2,-80.0,883.0
1704,"17,08,14",1785,46,2,-77.0,881.0
1705,"17,08,16",1787,47,2,-79.0,881.0
1706,"17,08,17",1788,48,2,-79.0,881.0
1708,"17,08,18",1789,48,2,-79.0,881.0
1707,"17,08,19",1790,49,2,-81.0,882.0
1709,"17,08,20",1791,49,2,-79.0,882.0
1710,"17,08,21",1792,50,2,-80.0,883.0
1711,"17,08,22",1793,50,2,-80.0,883.0
1712,"17,08,23",1794,50,2,-80.0,883.0
1714,"17,08,24",1795,51,2,-81.0,882.0
1715,"17,08,25",1796,51,2,-80.0,883.0
1713,"17,08,26",1797,52,2,-79.0,884.0
1716,"17,08,27",1798,52,2,-79.0,883.0
1717,"17,08,28",1799,53,2,-78.0,883.0
1718,"17,08,29",1800,53,2,-80.0,883.0
1719,"17,08,30",1801,54,2,-80.0,882.0
1722,"17,08,31",1802,54,2,-79.0,882.0
1723,"17,09,01",1803,55,2,-78.0,882.0
1720,"17,09,02",1804,55,2,-78.0,883.0
1721,"17,09,03",1805,55,2,-78.0,883.0
1724,"17,09,04",1806,56,2,-80.0,884.0
1725,"17,09,05",1807,56,2,-78.0,884.0
1726,"17,09,06",1808,57,2,-79.0,884.0
1728,"17,09,07",1809,57,2,-80.0,884.0
1729,"17,09,08",1810,58,2,-78.0,883.0
1727,"17,09,09",1811,58,2,-79.0,882.0
1730,"17,09,10",1812,59,2,-79.0,882.0
1731,"17,09,11",1813,59,2,-80.0,881.0
1732,"17,09,12",1814,59,2,-80.0,881.0
1733,"17,09,13",1815,60,3,-81.0,881.0
1734,"17,09,15",1816,60,3,-82.0,882.0
1735,"17,09,16",1817,61,3,-80.0,882.0
1736,"17,09,17",1818,61,3,-81.0,881.0
1737,"17,09,18",1819,62,3,-82.0,880.0
1738,"17,09,19",1820,62,3,-79.0,881.0
1740,"17,09,20",1821,63,3,-81.0,882.0
1739,"17,09,21",1822,63,3,-78.0,881.0
1743,"17,09,22",1823,64,3,-80.0,879.0
1742,"17,09,23",1824,64,3,-80.0,879.0
1741,"17,09,24",1825,64,3,-80.0,878.0
1744,"17,09,25",1826,65,3,-80.0,878.0
1745,"17,09,26",1827,65,3,-80.0,879.0
1746,"17,09,27",1828,66,3,-80.0,878.0
1749,"17,09,28",1829,66,3,-78.0,877.0
1748,"17,09,29",1830,67,3,-80.0,877.0
1747,"17,09,30",1831,67,3,-80.0,876.0
1750,"17,10,01",1832,68,3,-84.0,875.0
1751,"17,10,02",1833,68,3,-81.0,875.0
1752,"17,10,03",1834,68,3,-80.0,875.0
1753,"17,10,04",1835,69,3,-80.0,873.0
1755,"17,10,05",1836,69,3,-81.0,873.0
1756,"17,10,06",1837,70,3,-81.0,872.0
1754,"17,10,07",1838,70,3,-79.0,872.0
1757,"17,10,08",1839,71,3,-80.0,872.0
1758,"17,10,09",1840,71,3,-77.0,871.0
1759,"17,10,10",1841,72,3,-77.0,870.0
1761,"17,10,11",1842,72,3,-79.0,869.0
1760,"17,10,12",1843,72,3,-80.0,869.0
1762,"17,10,13",1844,73,3,-81.0,869.0
1763,"17,10,14",1845,73,3,-80.0,868.0
1765,"17,10,15",1846,74,3,-80.0,868.0
1764,"17,10,16",1847,74,3,-80.0,866.0
1766,"17,10,17",1848,75,3,-80.0,865.0
1770,"17,10,18",1849,75,3,-80.0,864.0
1768,"17,10,19",1850,76,3,-80.0,864.0
1767,"17,10,20",1851,76,3,-87.0,864.0
1769,"17,10,22",1852,77,3,-80.0,863.0
1771,"17,10,23",1853,77,3,-80.0,862.0
1772,"17,10,24",1854,77,3,-80.0,861.0
1773,"17,10,25",1855,78,3,-78.0,861.0
1774,"17,10,26",1856,78,3,-80.0,859.0
1776,"17,10,27",1857,79,3,-80.0,858.0
1775,"17,10,28",1858,79,3,-81.0,857.0
1779,"17,10,29",1859,80,3,-79.0,857.0
1778,"17,10,30",1860,80,3,-80.0,857.0
1780,"17,10,31",1861,81,3,-79.0,855.0
1777,"17,11,01",1862,81,3,-81.0,854.0
1781,"17,11,02",1863,81,3,-80.0,853.0
1782,"17,11,03",1864,82,3,-82.0,852.0
1783,"17,11,04",1865,82,3,-80.0,852.0
1785,"17,11,05",1866,83,3,-80.0,850.0
1784,"17,11,06",1867,83,3,-78.0,848.0
1786,"17,11,07",1868,84,3,-80.0,848.0
1787,"17,11,08",1869,84,3,-81.0,846.0
1788,"17,11,09",1870,85,3,-81.0,845.0
1789,"17,11,10",1871,85,3,-80.0,844.0
1791,"17,11,11",1872,86,3,-79.0,843.0
1790,"17,11,12",1873,86,3,-79.0,842.0
1792,"17,11,13",1874,86,3,-80.0,840.0
1793,"17,11,14",1875,87,3,-79.0,839.0
1794,"17,11,15",1876,87,3,-79.0,838.0
1797,"17,11,16",1877,88,3,-79.0,837.0
1795,"17,11,17",1878,88,3,-79.0,835.0
1796,"17,11,18",1879,89,3,-79.0,834.0
1798,"17,11,19",1880,89,3,-79.0,833.0
1803,"17,11,20",1881,90,4,-79.0,832.0
1801,"17,11,21",1882,90,4,-78.0,831.0
1800,"17,11,22",1883,91,4,-78.0,830.0
1799,"17,11,23",1884,91,4,-79.0,829.0
1804,"17,11,24",1885,91,4,-79.0,827.0
1805,"17,11,25",1886,92,4,-79.0,826.0
1802,"17,11,26",1887,92,4,-79.0,824.0
1807,"17,11,27",1888,93,4,-79.0,823.0
1806,"17,11,29",1889,93,4,-80.0,822.0
1808,"17,11,30",1890,94,4,-79.0,821.0
1810,"17,12,01",1891,94,4,-80.0,819.0
1809,"17,12,02",1892,95,4,-81.0,817.0
1812,"17,12,03",1893,95,4,-79.0,816.0
1811,"17,12,04",1894,96,4,-79.0,815.0
1814,"17,12,05",1895,96,4,-78.0,814.0
1813,"17,12,06",1896,96,4,-79.0,812.0
1817,"17,12,07",1897,97,4,-80.0,811.0
1816,"17,12,08",1898,97,4,-81.0,810.0
1815,"17,12,09",1899,98,4,-81.0,808.0
1818,"17,12,10",1900,98,4,-81.0,807.0
1819,"17,12,11",1901,99,4,-81.0,806.0
1820,"17,12,12",1902,99,4,-79.0,804.0
1821,"17,12,13",1903,100,4,-78.0,803.0
1822,"17,12,14",1904,100,4,-79.0,801.0
1823,"17,12,15",1905,101,4,-80.0,800.0
1824,"17,12,16",1906,101,4,-79.0,799.0
1825,"17,12,17",1907,101,4,-79.0,798.0
1826,"17,12,18",1908,102,4,-79.0,796.0
1827,"17,12,19",1909,102,4,-80.0,795.0
1828,"17,12,20",1910,103,4,-80.0,794.0
1833,"17,12,21",1911,103,4,-79.0,792.0
1832,"17,12,22",1912,104,4,-80.0,791.0
1830,"17,12,23",1913,104,4,-79.0,791.0
1834,"17,12,24",1914,105,4,-78.0,790.0
1835,"17,12,25",1915,105,4,-78.0,788.0
1829,"17,12,26",1916,106,4,-79.0,787.0
1831,"17,12,27",1917,106,4,-80.0,786.0
1839,"17,12,28",1918,107,4,-77.0,784.0
1836,"17,12,29",1919,107,4,-77.0,783.0
1837,"17,12,30",1920,108,4,-77.0,782.0
1838,"17,12,31",1921,108,4,-78.0,781.0
1840,"18,01,01",1922,108,4,-79.0,780.0
1842,"18,01,02",1923,109,4,-77.0,778.0
1841,"18,01,03",1924,109,4,-78.0,777.0
1844,"18,01,05",1925,110,4,-79.0,777.0
1843,"18,01,06",1926,110,4,-80.0,775.0
1845,"18,01,07",1927,111,4,-79.0,774.0
1847,"18,01,08",1928,111,4,-78.0,773.0
1846,"18,01,09",1929,112,4,-79.0,771.0
1848,"18,01,10",1930,112,4,-79.0,770.0
1849,"18,01,11",1931,113,4,-79.0,770.0
1850,"18,01,12",1932,113,4,-79.0,768.0
1852,"18,01,13",1933,114,4,-78.0,767.0
1851,"18,01,14",1934,114,4,-79.0,766.0
1853,"18,01,15",1935,115,4,-80.0,765.0
1855,"18,01,16",1936,115,4,-79.0,764.0
1854,"18,01,17",1937,116,4,-80.0,763.0
1859,"18,01,18",1938,116,4,-78.0,762.0
1857,"18,01,19",1939,116,4,-78.0,760.0
1858,"18,01,20",1940,117,4,-77.0,759.0
1856,"18,01,21",1941,117,4,-77.0,758.0
1860,"18,01,22",1942,118,4,-78.0,757.0
1863,"18,01,23",1943,118,4,-78.0,756.0
1861,"18,01,24",1944,119,4,-80.0,755.0
1862,"18,01,25",1945,119,4,-78.0,754.0
1864,"18,01,26",1946,120,5,-79.0,753.0
1865,"18,01,27",1947,120,5,-78.0,751.0
1866,"18,01,28",1948,121,5,-78.0,752.0
1867,"18,01,29",1949,121,5,-78.0,751.0
1868,"18,01,30",1950,122,5,-79.0,750.0
1869,"18,01,31",1951,122,5,-77.0,749.0
1871,"18,02,01",1952,123,5,-80.0,748.0
1870,"18,02,02",1953,123,5,-78.0,747.0
1872,"18,02,03",1954,124,5,-77.0,745.0
1873,"18,02,04",1955,124,5,-77.0,745.0
1879,"18,02,05",1956,125,5,-79.0,744.0
1875,"18,02,06",1957,125,5,-77.0,742.0
1874,"18,02,07",1958,126,5,-77.0,741.0
1878,"18,02,08",1959,126,5,-78.0,740.0
1876,"18,02,09",1960,127,5,-78.0,740.0
1877,"18,02,11",1961,127,5,-77.0,740.0
1880,"18,02,12",1962,128,5,-78.0,738.0
1881,"18,02,13",1963,128,5,-77.0,737.0
1882,"18,02,14",1964,129,5,-76.0,736.0
1883,"18,02,15",1965,129,5,-76.0,735.0
1884,"18,02,16",1966,130,5,-77.0,735.0
1885,"18,02,17",1967,130,5,-76.0,734.0
1886,"18,02,18",1968,131,5,-76.0,732.0
1887,"18,02,19",1969,131,5,-76.0,732.0
1888,"18,02,20",1970,132,5,-77.0,731.0
1890,"18,02,21",1971,132,5,-78.0,731.0
1891,"18,02,22",1972,133,5,-78.0,730.0
1889,"18,02,23",1973,133,5,-78.0,730.0
1892,"18,02,24",1974,134,5,-77.0,729.0
1894,"18,02,25",1975,134,5,-76.0,729.0
1893,"18,02,26",1976,135,5,-77.0,728.0
1895,"18,02,27",1977,135,5,-77.0,727.0
